Oct 01 19:51:19 roomfit-control-plane systemd-journald[90]: Journal started
Oct 01 19:51:19 roomfit-control-plane systemd-journald[90]: Runtime Journal (/run/log/journal/ac1dcfb17dd24f6b81741a58e7592ac7) is 8.0M, max 346.6M, 338.6M free.
Oct 01 19:51:19 roomfit-control-plane systemd[1]: Finished systemd-sysusers.service - Create System Users.
Oct 01 19:51:19 roomfit-control-plane systemd[1]: Finished systemd-update-utmp.service - Record System Boot/Shutdown in UTMP.
Oct 01 19:51:19 roomfit-control-plane systemd[1]: Starting systemd-journal-flush.service - Flush Journal to Persistent Storage...
Oct 01 19:51:19 roomfit-control-plane systemd[1]: Starting systemd-tmpfiles-setup-dev.service - Create Static Device Nodes in /dev...
Oct 01 19:51:19 roomfit-control-plane systemd-journald[90]: Runtime Journal (/run/log/journal/ac1dcfb17dd24f6b81741a58e7592ac7) is 8.0M, max 346.6M, 338.6M free.
Oct 01 19:51:19 roomfit-control-plane systemd[1]: Finished systemd-journal-flush.service - Flush Journal to Persistent Storage.
Oct 01 19:51:19 roomfit-control-plane systemd[1]: Finished systemd-tmpfiles-setup-dev.service - Create Static Device Nodes in /dev.
Oct 01 19:51:19 roomfit-control-plane systemd[1]: Reached target local-fs-pre.target - Preparation for Local File Systems.
Oct 01 19:51:19 roomfit-control-plane systemd[1]: Reached target local-fs.target - Local File Systems.
Oct 01 19:51:19 roomfit-control-plane systemd[1]: systemd-machine-id-commit.service - Commit a transient machine-id on disk was skipped because of an unmet condition check (ConditionPathIsMountPoint=/etc/machine-id).
Oct 01 19:51:19 roomfit-control-plane systemd[1]: systemd-udevd.service - Rule-based Manager for Device Events and Files was skipped because of an unmet condition check (ConditionPathIsReadWrite=/sys).
Oct 01 19:51:19 roomfit-control-plane systemd[1]: Reached target sysinit.target - System Initialization.
Oct 01 19:51:19 roomfit-control-plane systemd[1]: Started systemd-tmpfiles-clean.timer - Daily Cleanup of Temporary Directories.
Oct 01 19:51:19 roomfit-control-plane systemd[1]: Reached target timers.target - Timer Units.
Oct 01 19:51:19 roomfit-control-plane systemd[1]: systemd-pcrphase-sysinit.service - TPM2 PCR Barrier (Initialization) was skipped because of an unmet condition check (ConditionPathExists=/sys/firmware/efi/efivars/StubPcrKernelImage-4a67b082-0a4c-41cf-b6c7-440b29bb8c4f).
Oct 01 19:51:19 roomfit-control-plane systemd[1]: Reached target basic.target - Basic System.
Oct 01 19:51:19 roomfit-control-plane systemd[1]: systemd-pcrphase.service - TPM2 PCR Barrier (User) was skipped because of an unmet condition check (ConditionPathExists=/sys/firmware/efi/efivars/StubPcrKernelImage-4a67b082-0a4c-41cf-b6c7-440b29bb8c4f).
Oct 01 19:51:19 roomfit-control-plane systemd[1]: Starting undo-mount-hacks.service - Undo KIND mount hacks...
Oct 01 19:51:19 roomfit-control-plane systemd[1]: undo-mount-hacks.service: Deactivated successfully.
Oct 01 19:51:19 roomfit-control-plane systemd[1]: Finished undo-mount-hacks.service - Undo KIND mount hacks.
Oct 01 19:51:19 roomfit-control-plane systemd[1]: Starting containerd.service - containerd container runtime...
Oct 01 19:51:19 roomfit-control-plane systemd[1]: kubelet.service - kubelet: The Kubernetes Node Agent was skipped because of an unmet condition check (ConditionPathExists=/var/lib/kubelet/config.yaml).
Oct 01 19:51:19 roomfit-control-plane containerd[105]: time="2026-10-01T19:51:19.113897115Z" level=info msg="starting containerd" revision=c507a0257ea6462fbd6f5ba4f5c74facb04021f4 version=v2.0.2
Oct 01 19:51:19 roomfit-control-plane containerd[105]: time="2026-10-01T19:51:19.122210398Z" level=warning msg="Configuration migrated from version 2, use `containerd config migrate` to avoid migration" t="15.185µs"
Oct 01 19:51:19 roomfit-control-plane containerd[105]: time="2026-10-01T19:51:19.122300731Z" level=info msg="loading plugin" id=io.containerd.image-verifier.v1.bindir type=io.containerd.image-verifier.v1
Oct 01 19:51:19 roomfit-control-plane containerd[105]: time="2026-10-01T19:51:19.122324483Z" level=info msg="loading plugin" id=io.containerd.internal.v1.opt type=io.containerd.internal.v1
Oct 01 19:51:19 roomfit-control-plane containerd[105]: time="2026-10-01T19:51:19.122440179Z" level=info msg="loading plugin" id=io.containerd.warning.v1.deprecations type=io.containerd.warning.v1
Oct 01 19:51:19 roomfit-control-plane containerd[105]: time="2026-10-01T19:51:19.122454169Z" level=info msg="loading plugin" id=io.containerd.content.v1.content type=io.containerd.content.v1
Oct 01 19:51:19 roomfit-control-plane containerd[105]: time="2026-10-01T19:51:19.122964547Z" level=info msg="loading plugin" id=io.containerd.snapshotter.v1.blockfile type=io.containerd.snapshotter.v1
Oct 01 19:51:19 roomfit-control-plane containerd[105]: time="2026-10-01T19:51:19.123060833Z" level=info msg="skip loading plugin" error="no scratch file generator: skip plugin" id=io.containerd.snapshotter.v1.blockfile type=io.containerd.snapshotter.v1
Oct 01 19:51:19 roomfit-control-plane containerd[105]: time="2026-10-01T19:51:19.123075686Z" level=info msg="loading plugin" id=io.containerd.snapshotter.v1.native type=io.containerd.snapshotter.v1
Oct 01 19:51:19 roomfit-control-plane containerd[105]: time="2026-10-01T19:51:19.123094518Z" level=info msg="loading plugin" id=io.containerd.snapshotter.v1.overlayfs type=io.containerd.snapshotter.v1
Oct 01 19:51:19 roomfit-control-plane containerd[105]: time="2026-10-01T19:51:19.123184905Z" level=info msg="loading plugin" id=io.containerd.event.v1.exchange type=io.containerd.event.v1
Oct 01 19:51:19 roomfit-control-plane containerd[105]: time="2026-10-01T19:51:19.123246099Z" level=info msg="loading plugin" id=io.containerd.monitor.task.v1.cgroups type=io.containerd.monitor.task.v1
Oct 01 19:51:19 roomfit-control-plane containerd[105]: time="2026-10-01T19:51:19.123539452Z" level=info msg="loading plugin" id=io.containerd.snapshotter.v1.fuse-overlayfs type=io.containerd.snapshotter.v1
Oct 01 19:51:19 roomfit-control-plane containerd[105]: time="2026-10-01T19:51:19.123667979Z" level=info msg="loading plugin" id=io.containerd.metadata.v1.bolt type=io.containerd.metadata.v1
Oct 01 19:51:19 roomfit-control-plane containerd[105]: time="2026-10-01T19:51:19.123706610Z" level=info msg="metadata content store policy set" policy=shared
Oct 01 19:51:19 roomfit-control-plane containerd[105]: time="2026-10-01T19:51:19.125853312Z" level=info msg="loading plugin" id=io.containerd.gc.v1.scheduler type=io.containerd.gc.v1
Oct 01 19:51:19 roomfit-control-plane containerd[105]: time="2026-10-01T19:51:19.125932607Z" level=info msg="loading plugin" id=io.containerd.differ.v1.walking type=io.containerd.differ.v1
Oct 01 19:51:19 roomfit-control-plane containerd[105]: time="2026-10-01T19:51:19.125948460Z" level=info msg="loading plugin" id=io.containerd.lease.v1.manager type=io.containerd.lease.v1
Oct 01 19:51:19 roomfit-control-plane containerd[105]: time="2026-10-01T19:51:19.125959216Z" level=info msg="loading plugin" id=io.containerd.service.v1.containers-service type=io.containerd.service.v1
Oct 01 19:51:19 roomfit-control-plane containerd[105]: time="2026-10-01T19:51:19.125969149Z" level=info msg="loading plugin" id=io.containerd.service.v1.content-service type=io.containerd.service.v1
Oct 01 19:51:19 roomfit-control-plane containerd[105]: time="2026-10-01T19:51:19.125978326Z" level=info msg="loading plugin" id=io.containerd.service.v1.diff-service type=io.containerd.service.v1
Oct 01 19:51:19 roomfit-control-plane containerd[105]: time="2026-10-01T19:51:19.125994067Z" level=info msg="loading plugin" id=io.containerd.service.v1.images-service type=io.containerd.service.v1
Oct 01 19:51:19 roomfit-control-plane containerd[105]: time="2026-10-01T19:51:19.126009162Z" level=info msg="loading plugin" id=io.containerd.service.v1.introspection-service type=io.containerd.service.v1
Oct 01 19:51:19 roomfit-control-plane containerd[105]: time="2026-10-01T19:51:19.126017861Z" level=info msg="loading plugin" id=io.containerd.service.v1.namespaces-service type=io.containerd.service.v1
Oct 01 19:51:19 roomfit-control-plane containerd[105]: time="2026-10-01T19:51:19.126026743Z" level=info msg="loading plugin" id=io.containerd.service.v1.snapshots-service type=io.containerd.service.v1
Oct 01 19:51:19 roomfit-control-plane containerd[105]: time="2026-10-01T19:51:19.126035623Z" level=info msg="loading plugin" id=io.containerd.shim.v1.manager type=io.containerd.shim.v1
Oct 01 19:51:19 roomfit-control-plane containerd[105]: time="2026-10-01T19:51:19.126045437Z" level=info msg="loading plugin" id=io.containerd.runtime.v2.task type=io.containerd.runtime.v2
Oct 01 19:51:19 roomfit-control-plane containerd[105]: time="2026-10-01T19:51:19.126131399Z" level=info msg="loading plugin" id=io.containerd.service.v1.tasks-service type=io.containerd.service.v1
Oct 01 19:51:19 roomfit-control-plane containerd[105]: time="2026-10-01T19:51:19.126145806Z" level=info msg="loading plugin" id=io.containerd.grpc.v1.containers type=io.containerd.grpc.v1
Oct 01 19:51:19 roomfit-control-plane containerd[105]: time="2026-10-01T19:51:19.126155417Z" level=info msg="loading plugin" id=io.containerd.grpc.v1.content type=io.containerd.grpc.v1
Oct 01 19:51:19 roomfit-control-plane containerd[105]: time="2026-10-01T19:51:19.126174975Z" level=info msg="loading plugin" id=io.containerd.grpc.v1.diff type=io.containerd.grpc.v1
Oct 01 19:51:19 roomfit-control-plane containerd[105]: time="2026-10-01T19:51:19.126216024Z" level=info msg="loading plugin" id=io.containerd.grpc.v1.events type=io.containerd.grpc.v1
Oct 01 19:51:19 roomfit-control-plane containerd[105]: time="2026-10-01T19:51:19.126228113Z" level=info msg="loading plugin" id=io.containerd.grpc.v1.images type=io.containerd.grpc.v1
Oct 01 19:51:19 roomfit-control-plane containerd[105]: time="2026-10-01T19:51:19.126238209Z" level=info msg="loading plugin" id=io.containerd.grpc.v1.introspection type=io.containerd.grpc.v1
Oct 01 19:51:19 roomfit-control-plane containerd[105]: time="2026-10-01T19:51:19.126246881Z" level=info msg="loading plugin" id=io.containerd.grpc.v1.leases type=io.containerd.grpc.v1
Oct 01 19:51:19 roomfit-control-plane containerd[105]: time="2026-10-01T19:51:19.126255342Z" level=info msg="loading plugin" id=io.containerd.grpc.v1.namespaces type=io.containerd.grpc.v1
Oct 01 19:51:19 roomfit-control-plane containerd[105]: time="2026-10-01T19:51:19.126265233Z" level=info msg="loading plugin" id=io.containerd.sandbox.store.v1.local type=io.containerd.sandbox.store.v1
Oct 01 19:51:19 roomfit-control-plane containerd[105]: time="2026-10-01T19:51:19.126274426Z" level=info msg="loading plugin" id=io.containerd.cri.v1.images type=io.containerd.cri.v1
Oct 01 19:51:19 roomfit-control-plane containerd[105]: time="2026-10-01T19:51:19.126376442Z" level=info msg="Get image filesystem path \"/var/lib/containerd/io.containerd.snapshotter.v1.overlayfs\" for snapshotter \"overlayfs\""
Oct 01 19:51:19 roomfit-control-plane containerd[105]: time="2026-10-01T19:51:19.126386875Z" level=info msg="Start snapshots syncer"
Oct 01 19:51:19 roomfit-control-plane containerd[105]: time="2026-10-01T19:51:19.126438526Z" level=info msg="loading plugin" id=io.containerd.cri.v1.runtime type=io.containerd.cri.v1
Oct 01 19:51:19 roomfit-control-plane containerd[105]: time="2026-10-01T19:51:19.126542205Z" level=warning msg="Ignoring unknown key in TOML for plugin" error="strict mode: fields in the document are missing in the target struct" key=tolerate_missing_hugepages_controller plugin=io.containerd.cri.v1.runtime
Oct 01 19:51:19 roomfit-control-plane containerd[105]: time="2026-10-01T19:51:19.126753891Z" level=info msg="starting cri plugin" config="{\"containerd\":{\"defaultRuntimeName\":\"runc\",\"runtimes\":{\"runc\":{\"runtimeType\":\"io.containerd.runc.v2\",\"runtimePath\":\"\",\"PodAnnotations\":null,\"ContainerAnnotations\":null,\"options\":{\"BinaryName\":\"\",\"CriuImagePath\":\"\",\"CriuWorkPath\":\"\",\"IoGid\":0,\"IoUid\":0,\"NoNewKeyring\":false,\"Root\":\"\",\"ShimCgroup\":\"\",\"SystemdCgroup\":true},\"privileged_without_host_devices\":false,\"privileged_without_host_devices_all_devices_allowed\":false,\"baseRuntimeSpec\":\"/etc/containerd/cri-base.json\",\"cniConfDir\":\"\",\"cniMaxConfNum\":0,\"snapshotter\":\"\",\"sandboxer\":\"podsandbox\",\"io_type\":\"\"},\"test-handler\":{\"runtimeType\":\"io.containerd.runc.v2\",\"runtimePath\":\"\",\"PodAnnotations\":null,\"ContainerAnnotations\":null,\"options\":{\"SystemdCgroup\":true},\"privileged_without_host_devices\":false,\"privileged_without_host_devices_all_devices_allowed\":false,\"baseRuntimeSpec\":\"/etc/containerd/cri-base.json\",\"cniConfDir\":\"\",\"cniMaxConfNum\":0,\"snapshotter\":\"\",\"sandboxer\":\"podsandbox\",\"io_type\":\"\"}},\"ignoreBlockIONotEnabledErrors\":false,\"ignoreRdtNotEnabledErrors\":false},\"cni\":{\"binDir\":\"/opt/cni/bin\",\"confDir\":\"/etc/cni/net.d\",\"maxConfNum\":1,\"setupSerially\":false,\"confTemplate\":\"\",\"ipPref\":\"\",\"useInternalLoopback\":false},\"enableSelinux\":false,\"selinuxCategoryRange\":1024,\"maxContainerLogSize\":16384,\"disableApparmor\":false,\"restrictOOMScoreAdj\":false,\"disableProcMount\":false,\"unsetSeccompProfile\":\"\",\"tolerateMissingHugetlbController\":true,\"disableHugetlbController\":true,\"device_ownership_from_security_context\":false,\"ignoreImageDefinedVolumes\":false,\"netnsMountsUnderStateDir\":false,\"enableUnprivilegedPorts\":true,\"enableUnprivilegedICMP\":true,\"enableCDI\":true,\"cdiSpecDirs\":[\"/etc/cdi\",\"/var/run/cdi\"],\"drainExecSyncIOTimeout\":\"0s\",\"ignoreDeprecationWarnings\":null,\"containerdRootDir\":\"/var/lib/containerd\",\"containerdEndpoint\":\"/run/containerd/containerd.sock\",\"rootDir\":\"/var/lib/containerd/io.containerd.grpc.v1.cri\",\"stateDir\":\"/run/containerd/io.containerd.grpc.v1.cri\"}"
Oct 01 19:51:19 roomfit-control-plane containerd[105]: time="2026-10-01T19:51:19.127707083Z" level=info msg="loading plugin" id=io.containerd.podsandbox.controller.v1.podsandbox type=io.containerd.podsandbox.controller.v1
Oct 01 19:51:19 roomfit-control-plane containerd[105]: time="2026-10-01T19:51:19.127857457Z" level=info msg="loading plugin" id=io.containerd.sandbox.controller.v1.shim type=io.containerd.sandbox.controller.v1
Oct 01 19:51:19 roomfit-control-plane containerd[105]: time="2026-10-01T19:51:19.127943331Z" level=info msg="loading plugin" id=io.containerd.grpc.v1.sandbox-controllers type=io.containerd.grpc.v1
Oct 01 19:51:19 roomfit-control-plane containerd[105]: time="2026-10-01T19:51:19.127981306Z" level=info msg="loading plugin" id=io.containerd.grpc.v1.sandboxes type=io.containerd.grpc.v1
Oct 01 19:51:19 roomfit-control-plane containerd[105]: time="2026-10-01T19:51:19.127992636Z" level=info msg="loading plugin" id=io.containerd.grpc.v1.snapshots type=io.containerd.grpc.v1
Oct 01 19:51:19 roomfit-control-plane containerd[105]: time="2026-10-01T19:51:19.128000832Z" level=info msg="loading plugin" id=io.containerd.streaming.v1.manager type=io.containerd.streaming.v1
Oct 01 19:51:19 roomfit-control-plane containerd[105]: time="2026-10-01T19:51:19.128018273Z" level=info msg="loading plugin" id=io.containerd.grpc.v1.streaming type=io.containerd.grpc.v1
Oct 01 19:51:19 roomfit-control-plane containerd[105]: time="2026-10-01T19:51:19.128027273Z" level=info msg="loading plugin" id=io.containerd.grpc.v1.tasks type=io.containerd.grpc.v1
Oct 01 19:51:19 roomfit-control-plane containerd[105]: time="2026-10-01T19:51:19.128035965Z" level=info msg="loading plugin" id=io.containerd.transfer.v1.local type=io.containerd.transfer.v1
Oct 01 19:51:19 roomfit-control-plane containerd[105]: time="2026-10-01T19:51:19.128059110Z" level=info msg="loading plugin" id=io.containerd.grpc.v1.transfer type=io.containerd.grpc.v1
Oct 01 19:51:19 roomfit-control-plane containerd[105]: time="2026-10-01T19:51:19.128069943Z" level=info msg="loading plugin" id=io.containerd.grpc.v1.version type=io.containerd.grpc.v1
Oct 01 19:51:19 roomfit-control-plane containerd[105]: time="2026-10-01T19:51:19.128077677Z" level=info msg="loading plugin" id=io.containerd.monitor.container.v1.restart type=io.containerd.monitor.container.v1
Oct 01 19:51:19 roomfit-control-plane containerd[105]: time="2026-10-01T19:51:19.128128083Z" level=info msg="loading plugin" id=io.containerd.tracing.processor.v1.otlp type=io.containerd.tracing.processor.v1
Oct 01 19:51:19 roomfit-control-plane containerd[105]: time="2026-10-01T19:51:19.128146670Z" level=info msg="skip loading plugin" error="skip plugin: tracing endpoint not configured" id=io.containerd.tracing.processor.v1.otlp type=io.containerd.tracing.processor.v1
Oct 01 19:51:19 roomfit-control-plane containerd[105]: time="2026-10-01T19:51:19.128154565Z" level=info msg="loading plugin" id=io.containerd.internal.v1.tracing type=io.containerd.internal.v1
Oct 01 19:51:19 roomfit-control-plane containerd[105]: time="2026-10-01T19:51:19.128163163Z" level=info msg="skip loading plugin" error="skip plugin: tracing endpoint not configured" id=io.containerd.internal.v1.tracing type=io.containerd.internal.v1
Oct 01 19:51:19 roomfit-control-plane containerd[105]: time="2026-10-01T19:51:19.128171454Z" level=info msg="loading plugin" id=io.containerd.ttrpc.v1.otelttrpc type=io.containerd.ttrpc.v1
Oct 01 19:51:19 roomfit-control-plane containerd[105]: time="2026-10-01T19:51:19.128191382Z" level=info msg="loading plugin" id=io.containerd.grpc.v1.healthcheck type=io.containerd.grpc.v1
Oct 01 19:51:19 roomfit-control-plane containerd[105]: time="2026-10-01T19:51:19.128204445Z" level=info msg="loading plugin" id=io.containerd.nri.v1.nri type=io.containerd.nri.v1
Oct 01 19:51:19 roomfit-control-plane containerd[105]: time="2026-10-01T19:51:19.128224657Z" level=info msg="runtime interface created"
Oct 01 19:51:19 roomfit-control-plane containerd[105]: time="2026-10-01T19:51:19.128229107Z" level=info msg="created NRI interface"
Oct 01 19:51:19 roomfit-control-plane containerd[105]: time="2026-10-01T19:51:19.128239116Z" level=info msg="loading plugin" id=io.containerd.grpc.v1.cri type=io.containerd.grpc.v1
Oct 01 19:51:19 roomfit-control-plane containerd[105]: time="2026-10-01T19:51:19.128252272Z" level=info msg="Connect containerd service"
Oct 01 19:51:19 roomfit-control-plane containerd[105]: time="2026-10-01T19:51:19.128394565Z" level=info msg="using experimental NRI integration - disable nri plugin to prevent this"
Oct 01 19:51:19 roomfit-control-plane containerd[105]: time="2026-10-01T19:51:19.129186497Z" level=error msg="failed to load cni during init, please check CRI plugin status before setting up network for pods" error="cni config load failed: no network config found in /etc/cni/net.d: cni plugin not initialized: failed to load cni config"
Oct 01 19:51:19 roomfit-control-plane containerd[105]: time="2026-10-01T19:51:19.159843510Z" level=info msg="Start subscribing containerd event"
Oct 01 19:51:19 roomfit-control-plane containerd[105]: time="2026-10-01T19:51:19.159920405Z" level=info msg="Start recovering state"
Oct 01 19:51:19 roomfit-control-plane containerd[105]: time="2026-10-01T19:51:19.160118126Z" level=info msg=serving... address=/run/containerd/containerd.sock.ttrpc
Oct 01 19:51:19 roomfit-control-plane containerd[105]: time="2026-10-01T19:51:19.160182952Z" level=info msg=serving... address=/run/containerd/containerd.sock
Oct 01 19:51:19 roomfit-control-plane containerd[105]: time="2026-10-01T19:51:19.161398308Z" level=warning msg="The image sha256:f1332858868e1c6a905123b21e2e322ab45a5b99a3532e68ff49a87c2266ebc5 is not unpacked."
Oct 01 19:51:19 roomfit-control-plane containerd[105]: time="2026-10-01T19:51:19.162180356Z" level=warning msg="The image registry.k8s.io/kube-proxy-amd64:v1.32.2 is not unpacked."
Oct 01 19:51:19 roomfit-control-plane containerd[105]: time="2026-10-01T19:51:19.162833184Z" level=warning msg="The image sha256:873ed75102791e5b0b8a7fcd41606c92fcec98d56d05ead4ac5131650004c136 is not unpacked."
Oct 01 19:51:19 roomfit-control-plane containerd[105]: time="2026-10-01T19:51:19.164439448Z" level=warning msg="The image registry.k8s.io/kube-proxy:v1.32.2 is not unpacked."
Oct 01 19:51:19 roomfit-control-plane containerd[105]: time="2026-10-01T19:51:19.165207748Z" level=warning msg="The image registry.k8s.io/kube-apiserver-amd64:v1.32.2 is not unpacked."
Oct 01 19:51:19 roomfit-control-plane containerd[105]: time="2026-10-01T19:51:19.165267481Z" level=warning msg="The image docker.io/kindest/local-path-helper:v20241212-8ac705d0 is not unpacked."
Oct 01 19:51:19 roomfit-control-plane containerd[105]: time="2026-10-01T19:51:19.165539169Z" level=warning msg="The image sha256:b6a454c5a800d201daacead6ff195ec6049fe6dc086621b0670bca912efaf389 is not unpacked."
Oct 01 19:51:19 roomfit-control-plane containerd[105]: time="2026-10-01T19:51:19.165564069Z" level=warning msg="The image registry.k8s.io/pause:3.10 is not unpacked."
Oct 01 19:51:19 roomfit-control-plane containerd[105]: time="2026-10-01T19:51:19.165660982Z" level=warning msg="The image sha256:baa0d31514ee559c8962d6469a23315bcc8342cbbc1eccc49fa803dcd9653cb7 is not unpacked."
Oct 01 19:51:19 roomfit-control-plane containerd[105]: time="2026-10-01T19:51:19.165790805Z" level=warning msg="The image docker.io/kindest/kindnetd:v20250214-acbabc1a is not unpacked."
Oct 01 19:51:19 roomfit-control-plane containerd[105]: time="2026-10-01T19:51:19.166100719Z" level=warning msg="The image registry.k8s.io/kube-scheduler-amd64:v1.32.2 is not unpacked."
Oct 01 19:51:19 roomfit-control-plane containerd[105]: time="2026-10-01T19:51:19.166161689Z" level=warning msg="The image registry.k8s.io/etcd:3.5.16-0 is not unpacked."
Oct 01 19:51:19 roomfit-control-plane containerd[105]: time="2026-10-01T19:51:19.166215120Z" level=warning msg="The image sha256:df3849d954c98a7162c7bee7313ece357606e313d98ebd68b7aac5e961b1156f is not unpacked."
Oct 01 19:51:19 roomfit-control-plane containerd[105]: time="2026-10-01T19:51:19.166312172Z" level=warning msg="The image registry.k8s.io/kube-apiserver:v1.32.2 is not unpacked."
Oct 01 19:51:19 roomfit-control-plane containerd[105]: time="2026-10-01T19:51:19.166416503Z" level=warning msg="The image docker.io/kindest/local-path-provisioner:v20250214-acbabc1a is not unpacked."
Oct 01 19:51:19 roomfit-control-plane containerd[105]: time="2026-10-01T19:51:19.166486963Z" level=warning msg="The image registry.k8s.io/kube-scheduler:v1.32.2 is not unpacked."
Oct 01 19:51:19 roomfit-control-plane containerd[105]: time="2026-10-01T19:51:19.167104672Z" level=warning msg="The image sha256:bbb6209cc873b9b4095bd014b4687512eea2bd7b246f9ec06f4f6f0be14d9fb6 is not unpacked."
Oct 01 19:51:19 roomfit-control-plane containerd[105]: time="2026-10-01T19:51:19.167216944Z" level=warning msg="The image registry.k8s.io/kube-controller-manager-amd64:v1.32.2 is not unpacked."
Oct 01 19:51:19 roomfit-control-plane containerd[105]: time="2026-10-01T19:51:19.167511000Z" level=warning msg="The image sha256:a9e7e6b294baf1695fccb862d956c5d3ad8510e1e4ca1535f35dc09f247abbfc is not unpacked."
Oct 01 19:51:19 roomfit-control-plane containerd[105]: time="2026-10-01T19:51:19.167653320Z" level=warning msg="The image registry.k8s.io/kube-controller-manager:v1.32.2 is not unpacked."
Oct 01 19:51:19 roomfit-control-plane containerd[105]: time="2026-10-01T19:51:19.167936606Z" level=warning msg="The image sha256:85b7a174738baecbc53029b7913cd430a2060e0cbdb5f56c7957d32ff7f241ef is not unpacked."
Oct 01 19:51:19 roomfit-control-plane containerd[105]: time="2026-10-01T19:51:19.168273249Z" level=warning msg="The image sha256:c69fa2e9cbf5f42dc48af631e956d3f95724c13f91596bc567591790e5e36db6 is not unpacked."
Oct 01 19:51:19 roomfit-control-plane containerd[105]: time="2026-10-01T19:51:19.168377143Z" level=warning msg="The image sha256:d8e673e7c9983f1f53569a9d2ba786c8abb42e3f744f77dc97a595f3caf9435d is not unpacked."
Oct 01 19:51:19 roomfit-control-plane containerd[105]: time="2026-10-01T19:51:19.169309633Z" level=warning msg="The image registry.k8s.io/coredns/coredns:v1.11.3 is not unpacked."
Oct 01 19:51:19 roomfit-control-plane containerd[105]: time="2026-10-01T19:51:19.184138483Z" level=info msg="Start event monitor"
Oct 01 19:51:19 roomfit-control-plane containerd[105]: time="2026-10-01T19:51:19.184216551Z" level=info msg="Start cni network conf syncer for default"
Oct 01 19:51:19 roomfit-control-plane containerd[105]: time="2026-10-01T19:51:19.184226897Z" level=info msg="Start streaming server"
Oct 01 19:51:19 roomfit-control-plane containerd[105]: time="2026-10-01T19:51:19.184236905Z" level=info msg="Registered namespace \"k8s.io\" with NRI"
Oct 01 19:51:19 roomfit-control-plane containerd[105]: time="2026-10-01T19:51:19.184243749Z" level=info msg="runtime interface starting up..."
Oct 01 19:51:19 roomfit-control-plane containerd[105]: time="2026-10-01T19:51:19.184249688Z" level=info msg="starting plugins..."
Oct 01 19:51:19 roomfit-control-plane containerd[105]: time="2026-10-01T19:51:19.184274873Z" level=info msg="Synchronizing NRI (plugin) with current runtime state"
Oct 01 19:51:19 roomfit-control-plane containerd[105]: time="2026-10-01T19:51:19.184429053Z" level=info msg="containerd successfully booted in 0.071567s"
Oct 01 19:51:19 roomfit-control-plane systemd[1]: Started containerd.service - containerd container runtime.
Oct 01 19:51:19 roomfit-control-plane systemd[1]: Reached target multi-user.target - Multi-User System.
Oct 01 19:51:19 roomfit-control-plane systemd[1]: Reached target graphical.target - Graphical Interface.
Oct 01 19:51:19 roomfit-control-plane systemd[1]: Starting systemd-update-utmp-runlevel.service - Record Runlevel Change in UTMP...
Oct 01 19:51:19 roomfit-control-plane systemd[1]: systemd-update-utmp-runlevel.service: Deactivated successfully.
Oct 01 19:51:19 roomfit-control-plane systemd[1]: Finished systemd-update-utmp-runlevel.service - Record Runlevel Change in UTMP.
Oct 01 19:51:19 roomfit-control-plane systemd[1]: Startup finished in 350ms.
Oct 01 19:51:25 roomfit-control-plane systemd[1]: Reloading.
Oct 01 19:51:25 roomfit-control-plane systemd[1]: Starting kubelet.service - kubelet: The Kubernetes Node Agent...
Oct 01 19:51:25 roomfit-control-plane systemd[1]: Started kubelet.service - kubelet: The Kubernetes Node Agent.
Oct 01 19:51:25 roomfit-control-plane kubelet[216]: Flag --container-runtime-endpoint has been deprecated, This parameter should be set via the config file specified by the Kubelet's --config flag. See https://kubernetes.io/docs/tasks/administer-cluster/kubelet-config-file/ for more information.
Oct 01 19:51:25 roomfit-control-plane kubelet[216]: Flag --pod-infra-container-image has been deprecated, will be removed in 1.35. Image garbage collector will get sandbox image information from CRI.
Oct 01 19:51:25 roomfit-control-plane kubelet[216]: I1001 19:51:25.461571     216 server.go:215] "--pod-infra-container-image will not be pruned by the image garbage collector in kubelet and should also be set in the remote runtime"
Oct 01 19:51:26 roomfit-control-plane kubelet[216]: I1001 19:51:26.200620     216 server.go:520] "Kubelet version" kubeletVersion="v1.32.2"
Oct 01 19:51:26 roomfit-control-plane kubelet[216]: I1001 19:51:26.200666     216 server.go:522] "Golang settings" GOGC="" GOMAXPROCS="" GOTRACEBACK=""
Oct 01 19:51:26 roomfit-control-plane kubelet[216]: I1001 19:51:26.200913     216 server.go:954] "Client rotation is on, will bootstrap in background"
Oct 01 19:51:26 roomfit-control-plane kubelet[216]: E1001 19:51:26.206913     216 certificate_manager.go:562] "Unhandled Error" err="kubernetes.io/kube-apiserver-client-kubelet: Failed while requesting a signed certificate from the control plane: cannot create certificate signing request: Post \"https://roomfit-control-plane:6443/apis/certificates.k8s.io/v1/certificatesigningrequests\": dial tcp 172.23.0.2:6443: connect: connection refused" logger="UnhandledError"
Oct 01 19:51:26 roomfit-control-plane kubelet[216]: I1001 19:51:26.207730     216 dynamic_cafile_content.go:161] "Starting controller" name="client-ca-bundle::/etc/kubernetes/pki/ca.crt"
Oct 01 19:51:26 roomfit-control-plane kubelet[216]: I1001 19:51:26.216269     216 server.go:1444] "Using cgroup driver setting received from the CRI runtime" cgroupDriver="systemd"
Oct 01 19:51:26 roomfit-control-plane kubelet[216]: I1001 19:51:26.228675     216 server.go:841] "NoSwap is set due to memorySwapBehavior not specified" memorySwapBehavior="" FailSwapOn=false
Oct 01 19:51:26 roomfit-control-plane kubelet[216]: I1001 19:51:26.229780     216 swap_util.go:115] "Swap is on" /proc/swaps contents=<
Oct 01 19:51:26 roomfit-control-plane kubelet[216]:         Filename                                Type                Size                Used                Priority
Oct 01 19:51:26 roomfit-control-plane kubelet[216]:         /dev/sdc                                partition        2097152                0                -2
Oct 01 19:51:26 roomfit-control-plane kubelet[216]:  >
Oct 01 19:51:26 roomfit-control-plane kubelet[216]: I1001 19:51:26.230036     216 container_manager_linux.go:268] "Container manager verified user specified cgroup-root exists" cgroupRoot=["kubelet"]
Oct 01 19:51:26 roomfit-control-plane kubelet[216]: I1001 19:51:26.230084     216 container_manager_linux.go:273] "Creating Container Manager object based on Node Config" nodeConfig={"NodeName":"roomfit-control-plane","RuntimeCgroupsName":"/system.slice/containerd.service","SystemCgroupsName":"","KubeletCgroupsName":"","KubeletOOMScoreAdj":-999,"ContainerRuntime":"","CgroupsPerQOS":true,"CgroupRoot":"/kubelet","CgroupDriver":"systemd","KubeletRootDir":"/var/lib/kubelet","ProtectKernelDefaults":false,"KubeReservedCgroupName":"","SystemReservedCgroupName":"","ReservedSystemCPUs":{},"EnforceNodeAllocatable":{"pods":{}},"KubeReserved":null,"SystemReserved":null,"HardEvictionThresholds":[],"QOSReserved":{},"CPUManagerPolicy":"none","CPUManagerPolicyOptions":null,"TopologyManagerScope":"container","CPUManagerReconcilePeriod":10000000000,"ExperimentalMemoryManagerPolicy":"None","ExperimentalMemoryManagerReservedMemory":null,"PodPidsLimit":-1,"EnforceCPULimits":true,"CPUCFSQuotaPeriod":100000000,"TopologyManagerPolicy":"none","TopologyManagerPolicyOptions":null,"CgroupVersion":2}
Oct 01 19:51:26 roomfit-control-plane kubelet[216]: I1001 19:51:26.230281     216 topology_manager.go:138] "Creating topology manager with none policy"
Oct 01 19:51:26 roomfit-control-plane kubelet[216]: I1001 19:51:26.230290     216 container_manager_linux.go:304] "Creating device plugin manager"
Oct 01 19:51:26 roomfit-control-plane kubelet[216]: I1001 19:51:26.230610     216 state_mem.go:36] "Initialized new in-memory state store"
Oct 01 19:51:26 roomfit-control-plane kubelet[216]: I1001 19:51:26.230864     216 kubelet.go:446] "Attempting to sync node with API server"
Oct 01 19:51:26 roomfit-control-plane kubelet[216]: I1001 19:51:26.230896     216 kubelet.go:341] "Adding static pod path" path="/etc/kubernetes/manifests"
Oct 01 19:51:26 roomfit-control-plane kubelet[216]: I1001 19:51:26.230921     216 kubelet.go:352] "Adding apiserver pod source"
Oct 01 19:51:26 roomfit-control-plane kubelet[216]: I1001 19:51:26.230932     216 apiserver.go:42] "Waiting for node sync before watching apiserver pods"
Oct 01 19:51:26 roomfit-control-plane kubelet[216]: I1001 19:51:26.231970     216 kuberuntime_manager.go:269] "Container runtime initialized" containerRuntime="containerd" version="v2.0.2" apiVersion="v1"
Oct 01 19:51:26 roomfit-control-plane kubelet[216]: W1001 19:51:26.231997     216 reflector.go:569] k8s.io/client-go/informers/factory.go:160: failed to list *v1.Service: Get "https://roomfit-control-plane:6443/api/v1/services?fieldSelector=spec.clusterIP%21%3DNone&limit=500&resourceVersion=0": dial tcp 172.23.0.2:6443: connect: connection refused
Oct 01 19:51:26 roomfit-control-plane kubelet[216]: E1001 19:51:26.232125     216 reflector.go:166] "Unhandled Error" err="k8s.io/client-go/informers/factory.go:160: Failed to watch *v1.Service: failed to list *v1.Service: Get \"https://roomfit-control-plane:6443/api/v1/services?fieldSelector=spec.clusterIP%21%3DNone&limit=500&resourceVersion=0\": dial tcp 172.23.0.2:6443: connect: connection refused" logger="UnhandledError"
Oct 01 19:51:26 roomfit-control-plane kubelet[216]: W1001 19:51:26.232140     216 reflector.go:569] k8s.io/client-go/informers/factory.go:160: failed to list *v1.Node: Get "https://roomfit-control-plane:6443/api/v1/nodes?fieldSelector=metadata.name%3Droomfit-control-plane&limit=500&resourceVersion=0": dial tcp 172.23.0.2:6443: connect: connection refused
Oct 01 19:51:26 roomfit-control-plane kubelet[216]: E1001 19:51:26.232296     216 reflector.go:166] "Unhandled Error" err="k8s.io/client-go/informers/factory.go:160: Failed to watch *v1.Node: failed to list *v1.Node: Get \"https://roomfit-control-plane:6443/api/v1/nodes?fieldSelector=metadata.name%3Droomfit-control-plane&limit=500&resourceVersion=0\": dial tcp 172.23.0.2:6443: connect: connection refused" logger="UnhandledError"
Oct 01 19:51:26 roomfit-control-plane kubelet[216]: I1001 19:51:26.232508     216 kubelet.go:890] "Not starting ClusterTrustBundle informer because we are in static kubelet mode"
Oct 01 19:51:26 roomfit-control-plane kubelet[216]: W1001 19:51:26.232607     216 probe.go:272] Flexvolume plugin directory at /usr/libexec/kubernetes/kubelet-plugins/volume/exec/ does not exist. Recreating.
Oct 01 19:51:26 roomfit-control-plane kubelet[216]: I1001 19:51:26.234069     216 watchdog_linux.go:99] "Systemd watchdog is not enabled"
Oct 01 19:51:26 roomfit-control-plane kubelet[216]: I1001 19:51:26.234148     216 server.go:1287] "Started kubelet"
Oct 01 19:51:26 roomfit-control-plane kubelet[216]: I1001 19:51:26.234325     216 ratelimit.go:55] "Setting rate limiting for endpoint" service="podresources" qps=100 burstTokens=10
Oct 01 19:51:26 roomfit-control-plane kubelet[216]: I1001 19:51:26.234407     216 server.go:169] "Starting to listen" address="0.0.0.0" port=10250
Oct 01 19:51:26 roomfit-control-plane kubelet[216]: I1001 19:51:26.235110     216 server.go:243] "Starting to serve the podresources API" endpoint="unix:/var/lib/kubelet/pod-resources/kubelet.sock"
Oct 01 19:51:26 roomfit-control-plane kubelet[216]: E1001 19:51:26.235172     216 event.go:368] "Unable to write event (may retry after sleeping)" err="Post \"https://roomfit-control-plane:6443/api/v1/namespaces/default/events\": dial tcp 172.23.0.2:6443: connect: connection refused" event="&Event{ObjectMeta:{roomfit-control-plane.18da7fc512d03099  default    0 0001-01-01 00:00:00 +0000 UTC <nil> <nil> map[] map[] [] [] []},InvolvedObject:ObjectReference{Kind:Node,Namespace:,Name:roomfit-control-plane,UID:roomfit-control-plane,APIVersion:,ResourceVersion:,FieldPath:,},Reason:Starting,Message:Starting kubelet.,Source:EventSource{Component:kubelet,Host:roomfit-control-plane,},FirstTimestamp:2026-10-01 19:51:26.234112153 +0000 UTC m=+0.905792793,LastTimestamp:2026-10-01 19:51:26.234112153 +0000 UTC m=+0.905792793,Count:1,Type:Normal,EventTime:0001-01-01 00:00:00 +0000 UTC,Series:nil,Action:,Related:nil,ReportingController:kubelet,ReportingInstance:roomfit-control-plane,}"
Oct 01 19:51:26 roomfit-control-plane kubelet[216]: I1001 19:51:26.235923     216 fs_resource_analyzer.go:67] "Starting FS ResourceAnalyzer"
Oct 01 19:51:26 roomfit-control-plane kubelet[216]: I1001 19:51:26.236051     216 volume_manager.go:297] "Starting Kubelet Volume Manager"
Oct 01 19:51:26 roomfit-control-plane kubelet[216]: I1001 19:51:26.235976     216 dynamic_serving_content.go:135] "Starting controller" name="kubelet-server-cert-files::/var/lib/kubelet/pki/kubelet.crt::/var/lib/kubelet/pki/kubelet.key"
Oct 01 19:51:26 roomfit-control-plane kubelet[216]: I1001 19:51:26.235935     216 server.go:479] "Adding debug handlers to kubelet server"
Oct 01 19:51:26 roomfit-control-plane kubelet[216]: I1001 19:51:26.236237     216 desired_state_of_world_populator.go:149] "Desired state populator starts to run"
Oct 01 19:51:26 roomfit-control-plane kubelet[216]: E1001 19:51:26.236661     216 kubelet_node_status.go:467] "Error getting the current node from lister" err="node \"roomfit-control-plane\" not found"
Oct 01 19:51:26 roomfit-control-plane kubelet[216]: W1001 19:51:26.236774     216 reflector.go:569] k8s.io/client-go/informers/factory.go:160: failed to list *v1.CSIDriver: Get "https://roomfit-control-plane:6443/apis/storage.k8s.io/v1/csidrivers?limit=500&resourceVersion=0": dial tcp 172.23.0.2:6443: connect: connection refused
Oct 01 19:51:26 roomfit-control-plane kubelet[216]: I1001 19:51:26.237114     216 reconciler.go:26] "Reconciler: start to sync state"
Oct 01 19:51:26 roomfit-control-plane kubelet[216]: E1001 19:51:26.236878     216 reflector.go:166] "Unhandled Error" err="k8s.io/client-go/informers/factory.go:160: Failed to watch *v1.CSIDriver: failed to list *v1.CSIDriver: Get \"https://roomfit-control-plane:6443/apis/storage.k8s.io/v1/csidrivers?limit=500&resourceVersion=0\": dial tcp 172.23.0.2:6443: connect: connection refused" logger="UnhandledError"
Oct 01 19:51:26 roomfit-control-plane kubelet[216]: E1001 19:51:26.238227     216 controller.go:145] "Failed to ensure lease exists, will retry" err="Get \"https://roomfit-control-plane:6443/apis/coordination.k8s.io/v1/namespaces/kube-node-lease/leases/roomfit-control-plane?timeout=10s\": dial tcp 172.23.0.2:6443: connect: connection refused" interval="200ms"
Oct 01 19:51:26 roomfit-control-plane kubelet[216]: I1001 19:51:26.242641     216 factory.go:221] Registration of the containerd container factory successfully
Oct 01 19:51:26 roomfit-control-plane kubelet[216]: I1001 19:51:26.242693     216 factory.go:221] Registration of the systemd container factory successfully
Oct 01 19:51:26 roomfit-control-plane kubelet[216]: I1001 19:51:26.243274     216 factory.go:219] Registration of the crio container factory failed: Get "http://%2Fvar%2Frun%2Fcrio%2Fcrio.sock/info": dial unix /var/run/crio/crio.sock: connect: no such file or directory
Oct 01 19:51:26 roomfit-control-plane kubelet[216]: I1001 19:51:26.249341     216 cpu_manager.go:221] "Starting CPU manager" policy="none"
Oct 01 19:51:26 roomfit-control-plane kubelet[216]: I1001 19:51:26.249407     216 cpu_manager.go:222] "Reconciling" reconcilePeriod="10s"
Oct 01 19:51:26 roomfit-control-plane kubelet[216]: I1001 19:51:26.249439     216 state_mem.go:36] "Initialized new in-memory state store"
Oct 01 19:51:26 roomfit-control-plane kubelet[216]: I1001 19:51:26.267642     216 policy_none.go:49] "None policy: Start"
Oct 01 19:51:26 roomfit-control-plane kubelet[216]: I1001 19:51:26.267698     216 memory_manager.go:186] "Starting memorymanager" policy="None"
Oct 01 19:51:26 roomfit-control-plane kubelet[216]: I1001 19:51:26.267718     216 state_mem.go:35] "Initializing new in-memory state store"
Oct 01 19:51:26 roomfit-control-plane kubelet[216]: I1001 19:51:26.285349     216 kubelet_network_linux.go:50] "Initialized iptables rules." protocol="IPv4"
Oct 01 19:51:26 roomfit-control-plane kubelet[216]: I1001 19:51:26.286799     216 kubelet_network_linux.go:50] "Initialized iptables rules." protocol="IPv6"
Oct 01 19:51:26 roomfit-control-plane kubelet[216]: I1001 19:51:26.286868     216 status_manager.go:227] "Starting to sync pod status with apiserver"
Oct 01 19:51:26 roomfit-control-plane kubelet[216]: I1001 19:51:26.286930     216 watchdog_linux.go:127] "Systemd watchdog is not enabled or the interval is invalid, so health checking will not be started."
Oct 01 19:51:26 roomfit-control-plane kubelet[216]: I1001 19:51:26.286947     216 kubelet.go:2388] "Starting kubelet main sync loop"
Oct 01 19:51:26 roomfit-control-plane kubelet[216]: E1001 19:51:26.287000     216 kubelet.go:2412] "Skipping pod synchronization" err="[container runtime status check may not have completed yet, PLEG is not healthy: pleg has yet to be successful]"
Oct 01 19:51:26 roomfit-control-plane kubelet[216]: W1001 19:51:26.288026     216 reflector.go:569] k8s.io/client-go/informers/factory.go:160: failed to list *v1.RuntimeClass: Get "https://roomfit-control-plane:6443/apis/node.k8s.io/v1/runtimeclasses?limit=500&resourceVersion=0": dial tcp 172.23.0.2:6443: connect: connection refused
Oct 01 19:51:26 roomfit-control-plane kubelet[216]: E1001 19:51:26.288096     216 reflector.go:166] "Unhandled Error" err="k8s.io/client-go/informers/factory.go:160: Failed to watch *v1.RuntimeClass: failed to list *v1.RuntimeClass: Get \"https://roomfit-control-plane:6443/apis/node.k8s.io/v1/runtimeclasses?limit=500&resourceVersion=0\": dial tcp 172.23.0.2:6443: connect: connection refused" logger="UnhandledError"
Oct 01 19:51:26 roomfit-control-plane kubelet[216]: E1001 19:51:26.338003     216 kubelet_node_status.go:467] "Error getting the current node from lister" err="node \"roomfit-control-plane\" not found"
Oct 01 19:51:26 roomfit-control-plane kubelet[216]: E1001 19:51:26.387524     216 kubelet.go:2412] "Skipping pod synchronization" err="container runtime status check may not have completed yet"
Oct 01 19:51:26 roomfit-control-plane systemd[1]: Created slice kubelet-kubepods.slice - libcontainer container kubelet-kubepods.slice.
Oct 01 19:51:26 roomfit-control-plane systemd[1]: Created slice kubelet-kubepods-burstable.slice - libcontainer container kubelet-kubepods-burstable.slice.
Oct 01 19:51:26 roomfit-control-plane systemd[1]: Created slice kubelet-kubepods-besteffort.slice - libcontainer container kubelet-kubepods-besteffort.slice.
Oct 01 19:51:26 roomfit-control-plane kubelet[216]: E1001 19:51:26.438200     216 kubelet_node_status.go:467] "Error getting the current node from lister" err="node \"roomfit-control-plane\" not found"
Oct 01 19:51:26 roomfit-control-plane kubelet[216]: E1001 19:51:26.440761     216 controller.go:145] "Failed to ensure lease exists, will retry" err="Get \"https://roomfit-control-plane:6443/apis/coordination.k8s.io/v1/namespaces/kube-node-lease/leases/roomfit-control-plane?timeout=10s\": dial tcp 172.23.0.2:6443: connect: connection refused" interval="400ms"
Oct 01 19:51:26 roomfit-control-plane kubelet[216]: I1001 19:51:26.460581     216 manager.go:519] "Failed to read data from checkpoint" checkpoint="kubelet_internal_checkpoint" err="checkpoint is not found"
Oct 01 19:51:26 roomfit-control-plane kubelet[216]: I1001 19:51:26.460760     216 eviction_manager.go:189] "Eviction manager: starting control loop"
Oct 01 19:51:26 roomfit-control-plane kubelet[216]: I1001 19:51:26.460770     216 container_log_manager.go:189] "Initializing container log rotate workers" workers=1 monitorPeriod="10s"
Oct 01 19:51:26 roomfit-control-plane kubelet[216]: I1001 19:51:26.461147     216 plugin_manager.go:118] "Starting Kubelet Plugin Manager"
Oct 01 19:51:26 roomfit-control-plane kubelet[216]: E1001 19:51:26.462021     216 eviction_manager.go:267] "eviction manager: failed to check if we have separate container filesystem. Ignoring." err="no imagefs label for configured runtime"
Oct 01 19:51:26 roomfit-control-plane kubelet[216]: E1001 19:51:26.462061     216 eviction_manager.go:292] "Eviction manager: failed to get summary stats" err="failed to get node info: node \"roomfit-control-plane\" not found"
Oct 01 19:51:26 roomfit-control-plane kubelet[216]: I1001 19:51:26.562325     216 kubelet_node_status.go:76] "Attempting to register node" node="roomfit-control-plane"
Oct 01 19:51:26 roomfit-control-plane kubelet[216]: E1001 19:51:26.563178     216 kubelet_node_status.go:108] "Unable to register node with API server" err="Post \"https://roomfit-control-plane:6443/api/v1/nodes\": dial tcp 172.23.0.2:6443: connect: connection refused" node="roomfit-control-plane"
Oct 01 19:51:26 roomfit-control-plane systemd[1]: Created slice kubelet-kubepods-burstable-podd11d2b98fb1df4566bc9af923be1e7e8.slice - libcontainer container kubelet-kubepods-burstable-podd11d2b98fb1df4566bc9af923be1e7e8.slice.
Oct 01 19:51:26 roomfit-control-plane kubelet[216]: E1001 19:51:26.636716     216 kubelet.go:3196] "No need to create a mirror pod, since failed to get node info from the cluster" err="node \"roomfit-control-plane\" not found" node="roomfit-control-plane"
Oct 01 19:51:26 roomfit-control-plane systemd[1]: Created slice kubelet-kubepods-burstable-pod549370dc86dacc9f99a5af739ce5cc35.slice - libcontainer container kubelet-kubepods-burstable-pod549370dc86dacc9f99a5af739ce5cc35.slice.
Oct 01 19:51:26 roomfit-control-plane kubelet[216]: I1001 19:51:26.638349     216 reconciler_common.go:251] "operationExecutor.VerifyControllerAttachedVolume started for volume \"usr-share-ca-certificates\" (UniqueName: \"kubernetes.io/host-path/549370dc86dacc9f99a5af739ce5cc35-usr-share-ca-certificates\") pod \"kube-apiserver-roomfit-control-plane\" (UID: \"549370dc86dacc9f99a5af739ce5cc35\") " pod="kube-system/kube-apiserver-roomfit-control-plane"
Oct 01 19:51:26 roomfit-control-plane kubelet[216]: I1001 19:51:26.638395     216 reconciler_common.go:251] "operationExecutor.VerifyControllerAttachedVolume started for volume \"ca-certs\" (UniqueName: \"kubernetes.io/host-path/5644763134ce1777220e0dd4a4f3670d-ca-certs\") pod \"kube-controller-manager-roomfit-control-plane\" (UID: \"5644763134ce1777220e0dd4a4f3670d\") " pod="kube-system/kube-controller-manager-roomfit-control-plane"
Oct 01 19:51:26 roomfit-control-plane kubelet[216]: I1001 19:51:26.638408     216 reconciler_common.go:251] "operationExecutor.VerifyControllerAttachedVolume started for volume \"usr-local-share-ca-certificates\" (UniqueName: \"kubernetes.io/host-path/5644763134ce1777220e0dd4a4f3670d-usr-local-share-ca-certificates\") pod \"kube-controller-manager-roomfit-control-plane\" (UID: \"5644763134ce1777220e0dd4a4f3670d\") " pod="kube-system/kube-controller-manager-roomfit-control-plane"
Oct 01 19:51:26 roomfit-control-plane kubelet[216]: I1001 19:51:26.638420     216 reconciler_common.go:251] "operationExecutor.VerifyControllerAttachedVolume started for volume \"usr-share-ca-certificates\" (UniqueName: \"kubernetes.io/host-path/5644763134ce1777220e0dd4a4f3670d-usr-share-ca-certificates\") pod \"kube-controller-manager-roomfit-control-plane\" (UID: \"5644763134ce1777220e0dd4a4f3670d\") " pod="kube-system/kube-controller-manager-roomfit-control-plane"
Oct 01 19:51:26 roomfit-control-plane kubelet[216]: I1001 19:51:26.638448     216 reconciler_common.go:251] "operationExecutor.VerifyControllerAttachedVolume started for volume \"etcd-data\" (UniqueName: \"kubernetes.io/host-path/d11d2b98fb1df4566bc9af923be1e7e8-etcd-data\") pod \"etcd-roomfit-control-plane\" (UID: \"d11d2b98fb1df4566bc9af923be1e7e8\") " pod="kube-system/etcd-roomfit-control-plane"
Oct 01 19:51:26 roomfit-control-plane kubelet[216]: I1001 19:51:26.638461     216 reconciler_common.go:251] "operationExecutor.VerifyControllerAttachedVolume started for volume \"k8s-certs\" (UniqueName: \"kubernetes.io/host-path/5644763134ce1777220e0dd4a4f3670d-k8s-certs\") pod \"kube-controller-manager-roomfit-control-plane\" (UID: \"5644763134ce1777220e0dd4a4f3670d\") " pod="kube-system/kube-controller-manager-roomfit-control-plane"
Oct 01 19:51:26 roomfit-control-plane kubelet[216]: I1001 19:51:26.638473     216 reconciler_common.go:251] "operationExecutor.VerifyControllerAttachedVolume started for volume \"kubeconfig\" (UniqueName: \"kubernetes.io/host-path/5644763134ce1777220e0dd4a4f3670d-kubeconfig\") pod \"kube-controller-manager-roomfit-control-plane\" (UID: \"5644763134ce1777220e0dd4a4f3670d\") " pod="kube-system/kube-controller-manager-roomfit-control-plane"
Oct 01 19:51:26 roomfit-control-plane kubelet[216]: I1001 19:51:26.638482     216 reconciler_common.go:251] "operationExecutor.VerifyControllerAttachedVolume started for volume \"kubeconfig\" (UniqueName: \"kubernetes.io/host-path/499e49343b9060d2e7af25edb859cc78-kubeconfig\") pod \"kube-scheduler-roomfit-control-plane\" (UID: \"499e49343b9060d2e7af25edb859cc78\") " pod="kube-system/kube-scheduler-roomfit-control-plane"
Oct 01 19:51:26 roomfit-control-plane kubelet[216]: I1001 19:51:26.638513     216 reconciler_common.go:251] "operationExecutor.VerifyControllerAttachedVolume started for volume \"ca-certs\" (UniqueName: \"kubernetes.io/host-path/549370dc86dacc9f99a5af739ce5cc35-ca-certs\") pod \"kube-apiserver-roomfit-control-plane\" (UID: \"549370dc86dacc9f99a5af739ce5cc35\") " pod="kube-system/kube-apiserver-roomfit-control-plane"
Oct 01 19:51:26 roomfit-control-plane kubelet[216]: I1001 19:51:26.638562     216 reconciler_common.go:251] "operationExecutor.VerifyControllerAttachedVolume started for volume \"etc-ca-certificates\" (UniqueName: \"kubernetes.io/host-path/5644763134ce1777220e0dd4a4f3670d-etc-ca-certificates\") pod \"kube-controller-manager-roomfit-control-plane\" (UID: \"5644763134ce1777220e0dd4a4f3670d\") " pod="kube-system/kube-controller-manager-roomfit-control-plane"
Oct 01 19:51:26 roomfit-control-plane kubelet[216]: I1001 19:51:26.638582     216 reconciler_common.go:251] "operationExecutor.VerifyControllerAttachedVolume started for volume \"flexvolume-dir\" (UniqueName: \"kubernetes.io/host-path/5644763134ce1777220e0dd4a4f3670d-flexvolume-dir\") pod \"kube-controller-manager-roomfit-control-plane\" (UID: \"5644763134ce1777220e0dd4a4f3670d\") " pod="kube-system/kube-controller-manager-roomfit-control-plane"
Oct 01 19:51:26 roomfit-control-plane kubelet[216]: I1001 19:51:26.638633     216 reconciler_common.go:251] "operationExecutor.VerifyControllerAttachedVolume started for volume \"etcd-certs\" (UniqueName: \"kubernetes.io/host-path/d11d2b98fb1df4566bc9af923be1e7e8-etcd-certs\") pod \"etcd-roomfit-control-plane\" (UID: \"d11d2b98fb1df4566bc9af923be1e7e8\") " pod="kube-system/etcd-roomfit-control-plane"
Oct 01 19:51:26 roomfit-control-plane kubelet[216]: I1001 19:51:26.638656     216 reconciler_common.go:251] "operationExecutor.VerifyControllerAttachedVolume started for volume \"etc-ca-certificates\" (UniqueName: \"kubernetes.io/host-path/549370dc86dacc9f99a5af739ce5cc35-etc-ca-certificates\") pod \"kube-apiserver-roomfit-control-plane\" (UID: \"549370dc86dacc9f99a5af739ce5cc35\") " pod="kube-system/kube-apiserver-roomfit-control-plane"
Oct 01 19:51:26 roomfit-control-plane kubelet[216]: E1001 19:51:26.638668     216 kubelet.go:3196] "No need to create a mirror pod, since failed to get node info from the cluster" err="node \"roomfit-control-plane\" not found" node="roomfit-control-plane"
Oct 01 19:51:26 roomfit-control-plane kubelet[216]: I1001 19:51:26.638688     216 reconciler_common.go:251] "operationExecutor.VerifyControllerAttachedVolume started for volume \"k8s-certs\" (UniqueName: \"kubernetes.io/host-path/549370dc86dacc9f99a5af739ce5cc35-k8s-certs\") pod \"kube-apiserver-roomfit-control-plane\" (UID: \"549370dc86dacc9f99a5af739ce5cc35\") " pod="kube-system/kube-apiserver-roomfit-control-plane"
Oct 01 19:51:26 roomfit-control-plane kubelet[216]: I1001 19:51:26.638725     216 reconciler_common.go:251] "operationExecutor.VerifyControllerAttachedVolume started for volume \"usr-local-share-ca-certificates\" (UniqueName: \"kubernetes.io/host-path/549370dc86dacc9f99a5af739ce5cc35-usr-local-share-ca-certificates\") pod \"kube-apiserver-roomfit-control-plane\" (UID: \"549370dc86dacc9f99a5af739ce5cc35\") " pod="kube-system/kube-apiserver-roomfit-control-plane"
Oct 01 19:51:26 roomfit-control-plane systemd[1]: Created slice kubelet-kubepods-burstable-pod5644763134ce1777220e0dd4a4f3670d.slice - libcontainer container kubelet-kubepods-burstable-pod5644763134ce1777220e0dd4a4f3670d.slice.
Oct 01 19:51:26 roomfit-control-plane kubelet[216]: E1001 19:51:26.664623     216 kubelet.go:3196] "No need to create a mirror pod, since failed to get node info from the cluster" err="node \"roomfit-control-plane\" not found" node="roomfit-control-plane"
Oct 01 19:51:26 roomfit-control-plane systemd[1]: Created slice kubelet-kubepods-burstable-pod499e49343b9060d2e7af25edb859cc78.slice - libcontainer container kubelet-kubepods-burstable-pod499e49343b9060d2e7af25edb859cc78.slice.
Oct 01 19:51:26 roomfit-control-plane kubelet[216]: E1001 19:51:26.667331     216 kubelet.go:3196] "No need to create a mirror pod, since failed to get node info from the cluster" err="node \"roomfit-control-plane\" not found" node="roomfit-control-plane"
Oct 01 19:51:26 roomfit-control-plane kubelet[216]: I1001 19:51:26.764790     216 kubelet_node_status.go:76] "Attempting to register node" node="roomfit-control-plane"
Oct 01 19:51:26 roomfit-control-plane kubelet[216]: E1001 19:51:26.765452     216 kubelet_node_status.go:108] "Unable to register node with API server" err="Post \"https://roomfit-control-plane:6443/api/v1/nodes\": dial tcp 172.23.0.2:6443: connect: connection refused" node="roomfit-control-plane"
Oct 01 19:51:26 roomfit-control-plane kubelet[216]: E1001 19:51:26.841771     216 controller.go:145] "Failed to ensure lease exists, will retry" err="Get \"https://roomfit-control-plane:6443/apis/coordination.k8s.io/v1/namespaces/kube-node-lease/leases/roomfit-control-plane?timeout=10s\": dial tcp 172.23.0.2:6443: connect: connection refused" interval="800ms"
Oct 01 19:51:26 roomfit-control-plane containerd[105]: time="2026-10-01T19:51:26.938514498Z" level=info msg="RunPodSandbox for &PodSandboxMetadata{Name:etcd-roomfit-control-plane,Uid:d11d2b98fb1df4566bc9af923be1e7e8,Namespace:kube-system,Attempt:0,}"
Oct 01 19:51:26 roomfit-control-plane containerd[105]: time="2026-10-01T19:51:26.940179415Z" level=info msg="RunPodSandbox for &PodSandboxMetadata{Name:kube-apiserver-roomfit-control-plane,Uid:549370dc86dacc9f99a5af739ce5cc35,Namespace:kube-system,Attempt:0,}"
Oct 01 19:51:26 roomfit-control-plane containerd[105]: time="2026-10-01T19:51:26.966128617Z" level=info msg="RunPodSandbox for &PodSandboxMetadata{Name:kube-controller-manager-roomfit-control-plane,Uid:5644763134ce1777220e0dd4a4f3670d,Namespace:kube-system,Attempt:0,}"
Oct 01 19:51:26 roomfit-control-plane containerd[105]: time="2026-10-01T19:51:26.969517540Z" level=info msg="RunPodSandbox for &PodSandboxMetadata{Name:kube-scheduler-roomfit-control-plane,Uid:499e49343b9060d2e7af25edb859cc78,Namespace:kube-system,Attempt:0,}"
Oct 01 19:51:27 roomfit-control-plane systemd[1]: var-lib-containerd-tmpmounts-containerd\x2dmount3826436620.mount: Deactivated successfully.
Oct 01 19:51:27 roomfit-control-plane systemd[1]: var-lib-containerd-tmpmounts-containerd\x2dmount1121626943.mount: Deactivated successfully.
Oct 01 19:51:27 roomfit-control-plane kubelet[216]: I1001 19:51:27.166825     216 kubelet_node_status.go:76] "Attempting to register node" node="roomfit-control-plane"
Oct 01 19:51:27 roomfit-control-plane kubelet[216]: E1001 19:51:27.167482     216 kubelet_node_status.go:108] "Unable to register node with API server" err="Post \"https://roomfit-control-plane:6443/api/v1/nodes\": dial tcp 172.23.0.2:6443: connect: connection refused" node="roomfit-control-plane"
Oct 01 19:51:27 roomfit-control-plane containerd[105]: time="2026-10-01T19:51:27.217611361Z" level=info msg="connecting to shim f26f45b9a6ea36db78d8a05592507bbf768a2e779436a271a4e6b20d804b624e" address="unix:///run/containerd/s/7c87e26d66b0b5dc6902c937b7c37f5d2f0cb42843783adb93356cd648eb41d1" namespace=k8s.io protocol=ttrpc version=3
Oct 01 19:51:27 roomfit-control-plane containerd[105]: time="2026-10-01T19:51:27.225918644Z" level=info msg="connecting to shim 563b37c75e8176f43011b3cbe2992392bc0514c4748ab904471b74c7d920a114" address="unix:///run/containerd/s/2d8c5e356e2e8a0c54f13ede56295ea97466e7c570c4b469739751186959fde4" namespace=k8s.io protocol=ttrpc version=3
Oct 01 19:51:27 roomfit-control-plane containerd[105]: time="2026-10-01T19:51:27.241631647Z" level=info msg="connecting to shim 8c9ca0ca96a288334d2abd971d7ceacfd222ecd941dbf1be5ed01f38acfa85ff" address="unix:///run/containerd/s/63769ea755ac178da35f080866454fdb2126fb97bce0e31c58b44dda581da991" namespace=k8s.io protocol=ttrpc version=3
Oct 01 19:51:27 roomfit-control-plane containerd[105]: time="2026-10-01T19:51:27.250818917Z" level=info msg="connecting to shim 0bdc734915829011930125de2ac6730b1d3dfb72355e63c49c58d9765b40b6fa" address="unix:///run/containerd/s/0128c7b1108955d85ab1751ecb58364265116421610b03224e48e016fbde070a" namespace=k8s.io protocol=ttrpc version=3
Oct 01 19:51:27 roomfit-control-plane systemd[1]: Started cri-containerd-f26f45b9a6ea36db78d8a05592507bbf768a2e779436a271a4e6b20d804b624e.scope - libcontainer container f26f45b9a6ea36db78d8a05592507bbf768a2e779436a271a4e6b20d804b624e.
Oct 01 19:51:27 roomfit-control-plane kubelet[216]: W1001 19:51:27.272938     216 reflector.go:569] k8s.io/client-go/informers/factory.go:160: failed to list *v1.Node: Get "https://roomfit-control-plane:6443/api/v1/nodes?fieldSelector=metadata.name%3Droomfit-control-plane&limit=500&resourceVersion=0": dial tcp 172.23.0.2:6443: connect: connection refused
Oct 01 19:51:27 roomfit-control-plane kubelet[216]: E1001 19:51:27.272997     216 reflector.go:166] "Unhandled Error" err="k8s.io/client-go/informers/factory.go:160: Failed to watch *v1.Node: failed to list *v1.Node: Get \"https://roomfit-control-plane:6443/api/v1/nodes?fieldSelector=metadata.name%3Droomfit-control-plane&limit=500&resourceVersion=0\": dial tcp 172.23.0.2:6443: connect: connection refused" logger="UnhandledError"
Oct 01 19:51:27 roomfit-control-plane systemd[1]: Started cri-containerd-563b37c75e8176f43011b3cbe2992392bc0514c4748ab904471b74c7d920a114.scope - libcontainer container 563b37c75e8176f43011b3cbe2992392bc0514c4748ab904471b74c7d920a114.
Oct 01 19:51:27 roomfit-control-plane systemd[1]: Started cri-containerd-8c9ca0ca96a288334d2abd971d7ceacfd222ecd941dbf1be5ed01f38acfa85ff.scope - libcontainer container 8c9ca0ca96a288334d2abd971d7ceacfd222ecd941dbf1be5ed01f38acfa85ff.
Oct 01 19:51:27 roomfit-control-plane systemd[1]: Started cri-containerd-0bdc734915829011930125de2ac6730b1d3dfb72355e63c49c58d9765b40b6fa.scope - libcontainer container 0bdc734915829011930125de2ac6730b1d3dfb72355e63c49c58d9765b40b6fa.
Oct 01 19:51:27 roomfit-control-plane containerd[105]: time="2026-10-01T19:51:27.330777626Z" level=info msg="RunPodSandbox for &PodSandboxMetadata{Name:etcd-roomfit-control-plane,Uid:d11d2b98fb1df4566bc9af923be1e7e8,Namespace:kube-system,Attempt:0,} returns sandbox id \"f26f45b9a6ea36db78d8a05592507bbf768a2e779436a271a4e6b20d804b624e\""
Oct 01 19:51:27 roomfit-control-plane containerd[105]: time="2026-10-01T19:51:27.337398254Z" level=info msg="CreateContainer within sandbox \"f26f45b9a6ea36db78d8a05592507bbf768a2e779436a271a4e6b20d804b624e\" for container &ContainerMetadata{Name:etcd,Attempt:0,}"
Oct 01 19:51:27 roomfit-control-plane containerd[105]: time="2026-10-01T19:51:27.352875471Z" level=info msg="RunPodSandbox for &PodSandboxMetadata{Name:kube-apiserver-roomfit-control-plane,Uid:549370dc86dacc9f99a5af739ce5cc35,Namespace:kube-system,Attempt:0,} returns sandbox id \"563b37c75e8176f43011b3cbe2992392bc0514c4748ab904471b74c7d920a114\""
Oct 01 19:51:27 roomfit-control-plane containerd[105]: time="2026-10-01T19:51:27.356989620Z" level=info msg="CreateContainer within sandbox \"563b37c75e8176f43011b3cbe2992392bc0514c4748ab904471b74c7d920a114\" for container &ContainerMetadata{Name:kube-apiserver,Attempt:0,}"
Oct 01 19:51:27 roomfit-control-plane containerd[105]: time="2026-10-01T19:51:27.373074315Z" level=info msg="RunPodSandbox for &PodSandboxMetadata{Name:kube-controller-manager-roomfit-control-plane,Uid:5644763134ce1777220e0dd4a4f3670d,Namespace:kube-system,Attempt:0,} returns sandbox id \"8c9ca0ca96a288334d2abd971d7ceacfd222ecd941dbf1be5ed01f38acfa85ff\""
Oct 01 19:51:27 roomfit-control-plane containerd[105]: time="2026-10-01T19:51:27.376976277Z" level=info msg="CreateContainer within sandbox \"8c9ca0ca96a288334d2abd971d7ceacfd222ecd941dbf1be5ed01f38acfa85ff\" for container &ContainerMetadata{Name:kube-controller-manager,Attempt:0,}"
Oct 01 19:51:27 roomfit-control-plane containerd[105]: time="2026-10-01T19:51:27.384936755Z" level=info msg="RunPodSandbox for &PodSandboxMetadata{Name:kube-scheduler-roomfit-control-plane,Uid:499e49343b9060d2e7af25edb859cc78,Namespace:kube-system,Attempt:0,} returns sandbox id \"0bdc734915829011930125de2ac6730b1d3dfb72355e63c49c58d9765b40b6fa\""
Oct 01 19:51:27 roomfit-control-plane containerd[105]: time="2026-10-01T19:51:27.389108494Z" level=info msg="CreateContainer within sandbox \"0bdc734915829011930125de2ac6730b1d3dfb72355e63c49c58d9765b40b6fa\" for container &ContainerMetadata{Name:kube-scheduler,Attempt:0,}"
Oct 01 19:51:27 roomfit-control-plane kubelet[216]: W1001 19:51:27.566497     216 reflector.go:569] k8s.io/client-go/informers/factory.go:160: failed to list *v1.RuntimeClass: Get "https://roomfit-control-plane:6443/apis/node.k8s.io/v1/runtimeclasses?limit=500&resourceVersion=0": dial tcp 172.23.0.2:6443: connect: connection refused
Oct 01 19:51:27 roomfit-control-plane kubelet[216]: E1001 19:51:27.566580     216 reflector.go:166] "Unhandled Error" err="k8s.io/client-go/informers/factory.go:160: Failed to watch *v1.RuntimeClass: failed to list *v1.RuntimeClass: Get \"https://roomfit-control-plane:6443/apis/node.k8s.io/v1/runtimeclasses?limit=500&resourceVersion=0\": dial tcp 172.23.0.2:6443: connect: connection refused" logger="UnhandledError"
Oct 01 19:51:27 roomfit-control-plane kubelet[216]: E1001 19:51:27.643141     216 controller.go:145] "Failed to ensure lease exists, will retry" err="Get \"https://roomfit-control-plane:6443/apis/coordination.k8s.io/v1/namespaces/kube-node-lease/leases/roomfit-control-plane?timeout=10s\": dial tcp 172.23.0.2:6443: connect: connection refused" interval="1.6s"
Oct 01 19:51:27 roomfit-control-plane kubelet[216]: W1001 19:51:27.653649     216 reflector.go:569] k8s.io/client-go/informers/factory.go:160: failed to list *v1.CSIDriver: Get "https://roomfit-control-plane:6443/apis/storage.k8s.io/v1/csidrivers?limit=500&resourceVersion=0": dial tcp 172.23.0.2:6443: connect: connection refused
Oct 01 19:51:27 roomfit-control-plane kubelet[216]: E1001 19:51:27.653737     216 reflector.go:166] "Unhandled Error" err="k8s.io/client-go/informers/factory.go:160: Failed to watch *v1.CSIDriver: failed to list *v1.CSIDriver: Get \"https://roomfit-control-plane:6443/apis/storage.k8s.io/v1/csidrivers?limit=500&resourceVersion=0\": dial tcp 172.23.0.2:6443: connect: connection refused" logger="UnhandledError"
Oct 01 19:51:27 roomfit-control-plane kubelet[216]: W1001 19:51:27.704315     216 reflector.go:569] k8s.io/client-go/informers/factory.go:160: failed to list *v1.Service: Get "https://roomfit-control-plane:6443/api/v1/services?fieldSelector=spec.clusterIP%21%3DNone&limit=500&resourceVersion=0": dial tcp 172.23.0.2:6443: connect: connection refused
Oct 01 19:51:27 roomfit-control-plane kubelet[216]: E1001 19:51:27.704552     216 reflector.go:166] "Unhandled Error" err="k8s.io/client-go/informers/factory.go:160: Failed to watch *v1.Service: failed to list *v1.Service: Get \"https://roomfit-control-plane:6443/api/v1/services?fieldSelector=spec.clusterIP%21%3DNone&limit=500&resourceVersion=0\": dial tcp 172.23.0.2:6443: connect: connection refused" logger="UnhandledError"
Oct 01 19:51:27 roomfit-control-plane kubelet[216]: I1001 19:51:27.969212     216 kubelet_node_status.go:76] "Attempting to register node" node="roomfit-control-plane"
Oct 01 19:51:27 roomfit-control-plane kubelet[216]: E1001 19:51:27.970209     216 kubelet_node_status.go:108] "Unable to register node with API server" err="Post \"https://roomfit-control-plane:6443/api/v1/nodes\": dial tcp 172.23.0.2:6443: connect: connection refused" node="roomfit-control-plane"
Oct 01 19:51:28 roomfit-control-plane systemd[1]: var-lib-containerd-tmpmounts-containerd\x2dmount934269895.mount: Deactivated successfully.
Oct 01 19:51:28 roomfit-control-plane kubelet[216]: E1001 19:51:28.279216     216 certificate_manager.go:562] "Unhandled Error" err="kubernetes.io/kube-apiserver-client-kubelet: Failed while requesting a signed certificate from the control plane: cannot create certificate signing request: Post \"https://roomfit-control-plane:6443/apis/certificates.k8s.io/v1/certificatesigningrequests\": dial tcp 172.23.0.2:6443: connect: connection refused" logger="UnhandledError"
Oct 01 19:51:29 roomfit-control-plane kubelet[216]: E1001 19:51:29.244316     216 controller.go:145] "Failed to ensure lease exists, will retry" err="Get \"https://roomfit-control-plane:6443/apis/coordination.k8s.io/v1/namespaces/kube-node-lease/leases/roomfit-control-plane?timeout=10s\": dial tcp 172.23.0.2:6443: connect: connection refused" interval="3.2s"
Oct 01 19:51:29 roomfit-control-plane kubelet[216]: I1001 19:51:29.574707     216 kubelet_node_status.go:76] "Attempting to register node" node="roomfit-control-plane"
Oct 01 19:51:29 roomfit-control-plane kubelet[216]: E1001 19:51:29.575700     216 kubelet_node_status.go:108] "Unable to register node with API server" err="Post \"https://roomfit-control-plane:6443/api/v1/nodes\": dial tcp 172.23.0.2:6443: connect: connection refused" node="roomfit-control-plane"
Oct 01 19:51:29 roomfit-control-plane containerd[105]: time="2026-10-01T19:51:29.830744924Z" level=info msg="Container 930f6332dd5301f75ffc41375f5654bb8a8a8c2eed9b89b740a602afb6218f50: CDI devices from CRI Config.CDIDevices: []"
Oct 01 19:51:29 roomfit-control-plane systemd[1]: var-lib-containerd-tmpmounts-containerd\x2dmount3080699842.mount: Deactivated successfully.
Oct 01 19:51:29 roomfit-control-plane containerd[105]: time="2026-10-01T19:51:29.860415196Z" level=info msg="CreateContainer within sandbox \"0bdc734915829011930125de2ac6730b1d3dfb72355e63c49c58d9765b40b6fa\" for &ContainerMetadata{Name:kube-scheduler,Attempt:0,} returns container id \"930f6332dd5301f75ffc41375f5654bb8a8a8c2eed9b89b740a602afb6218f50\""
Oct 01 19:51:29 roomfit-control-plane containerd[105]: time="2026-10-01T19:51:29.861961916Z" level=info msg="StartContainer for \"930f6332dd5301f75ffc41375f5654bb8a8a8c2eed9b89b740a602afb6218f50\""
Oct 01 19:51:29 roomfit-control-plane containerd[105]: time="2026-10-01T19:51:29.863443078Z" level=info msg="connecting to shim 930f6332dd5301f75ffc41375f5654bb8a8a8c2eed9b89b740a602afb6218f50" address="unix:///run/containerd/s/0128c7b1108955d85ab1751ecb58364265116421610b03224e48e016fbde070a" protocol=ttrpc version=3
Oct 01 19:51:29 roomfit-control-plane systemd[1]: Started cri-containerd-930f6332dd5301f75ffc41375f5654bb8a8a8c2eed9b89b740a602afb6218f50.scope - libcontainer container 930f6332dd5301f75ffc41375f5654bb8a8a8c2eed9b89b740a602afb6218f50.
Oct 01 19:51:30 roomfit-control-plane kubelet[216]: W1001 19:51:30.025216     216 reflector.go:569] k8s.io/client-go/informers/factory.go:160: failed to list *v1.Node: Get "https://roomfit-control-plane:6443/api/v1/nodes?fieldSelector=metadata.name%3Droomfit-control-plane&limit=500&resourceVersion=0": dial tcp 172.23.0.2:6443: connect: connection refused
Oct 01 19:51:30 roomfit-control-plane kubelet[216]: E1001 19:51:30.025394     216 reflector.go:166] "Unhandled Error" err="k8s.io/client-go/informers/factory.go:160: Failed to watch *v1.Node: failed to list *v1.Node: Get \"https://roomfit-control-plane:6443/api/v1/nodes?fieldSelector=metadata.name%3Droomfit-control-plane&limit=500&resourceVersion=0\": dial tcp 172.23.0.2:6443: connect: connection refused" logger="UnhandledError"
Oct 01 19:51:30 roomfit-control-plane containerd[105]: time="2026-10-01T19:51:30.079349860Z" level=info msg="StartContainer for \"930f6332dd5301f75ffc41375f5654bb8a8a8c2eed9b89b740a602afb6218f50\" returns successfully"
Oct 01 19:51:30 roomfit-control-plane kubelet[216]: W1001 19:51:30.080734     216 reflector.go:569] k8s.io/client-go/informers/factory.go:160: failed to list *v1.CSIDriver: Get "https://roomfit-control-plane:6443/apis/storage.k8s.io/v1/csidrivers?limit=500&resourceVersion=0": dial tcp 172.23.0.2:6443: connect: connection refused
Oct 01 19:51:30 roomfit-control-plane kubelet[216]: E1001 19:51:30.080876     216 reflector.go:166] "Unhandled Error" err="k8s.io/client-go/informers/factory.go:160: Failed to watch *v1.CSIDriver: failed to list *v1.CSIDriver: Get \"https://roomfit-control-plane:6443/apis/storage.k8s.io/v1/csidrivers?limit=500&resourceVersion=0\": dial tcp 172.23.0.2:6443: connect: connection refused" logger="UnhandledError"
Oct 01 19:51:30 roomfit-control-plane containerd[105]: time="2026-10-01T19:51:30.159085577Z" level=info msg="Container 82de09721d53a7b13612eeaaaeeb1de4f3935a9d5b33d6eebcc4d66732416840: CDI devices from CRI Config.CDIDevices: []"
Oct 01 19:51:30 roomfit-control-plane containerd[105]: time="2026-10-01T19:51:30.183920770Z" level=info msg="Container d18562a45bd10e71072fddaf44286e0ce158c7d0de6c0a33e39047f2a7e72bb3: CDI devices from CRI Config.CDIDevices: []"
Oct 01 19:51:30 roomfit-control-plane containerd[105]: time="2026-10-01T19:51:30.215038581Z" level=info msg="CreateContainer within sandbox \"8c9ca0ca96a288334d2abd971d7ceacfd222ecd941dbf1be5ed01f38acfa85ff\" for &ContainerMetadata{Name:kube-controller-manager,Attempt:0,} returns container id \"82de09721d53a7b13612eeaaaeeb1de4f3935a9d5b33d6eebcc4d66732416840\""
Oct 01 19:51:30 roomfit-control-plane containerd[105]: time="2026-10-01T19:51:30.215869003Z" level=info msg="StartContainer for \"82de09721d53a7b13612eeaaaeeb1de4f3935a9d5b33d6eebcc4d66732416840\""
Oct 01 19:51:30 roomfit-control-plane containerd[105]: time="2026-10-01T19:51:30.218431568Z" level=info msg="connecting to shim 82de09721d53a7b13612eeaaaeeb1de4f3935a9d5b33d6eebcc4d66732416840" address="unix:///run/containerd/s/63769ea755ac178da35f080866454fdb2126fb97bce0e31c58b44dda581da991" protocol=ttrpc version=3
Oct 01 19:51:30 roomfit-control-plane containerd[105]: time="2026-10-01T19:51:30.249533645Z" level=info msg="CreateContainer within sandbox \"563b37c75e8176f43011b3cbe2992392bc0514c4748ab904471b74c7d920a114\" for &ContainerMetadata{Name:kube-apiserver,Attempt:0,} returns container id \"d18562a45bd10e71072fddaf44286e0ce158c7d0de6c0a33e39047f2a7e72bb3\""
Oct 01 19:51:30 roomfit-control-plane containerd[105]: time="2026-10-01T19:51:30.250366756Z" level=info msg="StartContainer for \"d18562a45bd10e71072fddaf44286e0ce158c7d0de6c0a33e39047f2a7e72bb3\""
Oct 01 19:51:30 roomfit-control-plane containerd[105]: time="2026-10-01T19:51:30.279700287Z" level=info msg="connecting to shim d18562a45bd10e71072fddaf44286e0ce158c7d0de6c0a33e39047f2a7e72bb3" address="unix:///run/containerd/s/2d8c5e356e2e8a0c54f13ede56295ea97466e7c570c4b469739751186959fde4" protocol=ttrpc version=3
Oct 01 19:51:30 roomfit-control-plane systemd[1]: Started cri-containerd-82de09721d53a7b13612eeaaaeeb1de4f3935a9d5b33d6eebcc4d66732416840.scope - libcontainer container 82de09721d53a7b13612eeaaaeeb1de4f3935a9d5b33d6eebcc4d66732416840.
Oct 01 19:51:30 roomfit-control-plane kubelet[216]: W1001 19:51:30.303690     216 reflector.go:569] k8s.io/client-go/informers/factory.go:160: failed to list *v1.RuntimeClass: Get "https://roomfit-control-plane:6443/apis/node.k8s.io/v1/runtimeclasses?limit=500&resourceVersion=0": dial tcp 172.23.0.2:6443: connect: connection refused
Oct 01 19:51:30 roomfit-control-plane kubelet[216]: E1001 19:51:30.303794     216 reflector.go:166] "Unhandled Error" err="k8s.io/client-go/informers/factory.go:160: Failed to watch *v1.RuntimeClass: failed to list *v1.RuntimeClass: Get \"https://roomfit-control-plane:6443/apis/node.k8s.io/v1/runtimeclasses?limit=500&resourceVersion=0\": dial tcp 172.23.0.2:6443: connect: connection refused" logger="UnhandledError"
Oct 01 19:51:30 roomfit-control-plane systemd[1]: Started cri-containerd-d18562a45bd10e71072fddaf44286e0ce158c7d0de6c0a33e39047f2a7e72bb3.scope - libcontainer container d18562a45bd10e71072fddaf44286e0ce158c7d0de6c0a33e39047f2a7e72bb3.
Oct 01 19:51:30 roomfit-control-plane kubelet[216]: E1001 19:51:30.321931     216 kubelet.go:3196] "No need to create a mirror pod, since failed to get node info from the cluster" err="node \"roomfit-control-plane\" not found" node="roomfit-control-plane"
Oct 01 19:51:30 roomfit-control-plane kubelet[216]: W1001 19:51:30.371323     216 reflector.go:569] k8s.io/client-go/informers/factory.go:160: failed to list *v1.Service: Get "https://roomfit-control-plane:6443/api/v1/services?fieldSelector=spec.clusterIP%21%3DNone&limit=500&resourceVersion=0": dial tcp 172.23.0.2:6443: connect: connection refused
Oct 01 19:51:30 roomfit-control-plane kubelet[216]: E1001 19:51:30.371459     216 reflector.go:166] "Unhandled Error" err="k8s.io/client-go/informers/factory.go:160: Failed to watch *v1.Service: failed to list *v1.Service: Get \"https://roomfit-control-plane:6443/api/v1/services?fieldSelector=spec.clusterIP%21%3DNone&limit=500&resourceVersion=0\": dial tcp 172.23.0.2:6443: connect: connection refused" logger="UnhandledError"
Oct 01 19:51:30 roomfit-control-plane containerd[105]: time="2026-10-01T19:51:30.458156309Z" level=info msg="StartContainer for \"d18562a45bd10e71072fddaf44286e0ce158c7d0de6c0a33e39047f2a7e72bb3\" returns successfully"
Oct 01 19:51:30 roomfit-control-plane containerd[105]: time="2026-10-01T19:51:30.458321287Z" level=info msg="StartContainer for \"82de09721d53a7b13612eeaaaeeb1de4f3935a9d5b33d6eebcc4d66732416840\" returns successfully"
Oct 01 19:51:31 roomfit-control-plane containerd[105]: time="2026-10-01T19:51:31.062841428Z" level=info msg="Container a71fc56a4de21e5710e546d7f9ae64567d3323c2f539f7ef5459fafd471bd99d: CDI devices from CRI Config.CDIDevices: []"
Oct 01 19:51:31 roomfit-control-plane containerd[105]: time="2026-10-01T19:51:31.090804561Z" level=info msg="CreateContainer within sandbox \"f26f45b9a6ea36db78d8a05592507bbf768a2e779436a271a4e6b20d804b624e\" for &ContainerMetadata{Name:etcd,Attempt:0,} returns container id \"a71fc56a4de21e5710e546d7f9ae64567d3323c2f539f7ef5459fafd471bd99d\""
Oct 01 19:51:31 roomfit-control-plane containerd[105]: time="2026-10-01T19:51:31.091784261Z" level=info msg="StartContainer for \"a71fc56a4de21e5710e546d7f9ae64567d3323c2f539f7ef5459fafd471bd99d\""
Oct 01 19:51:31 roomfit-control-plane containerd[105]: time="2026-10-01T19:51:31.093752508Z" level=info msg="connecting to shim a71fc56a4de21e5710e546d7f9ae64567d3323c2f539f7ef5459fafd471bd99d" address="unix:///run/containerd/s/7c87e26d66b0b5dc6902c937b7c37f5d2f0cb42843783adb93356cd648eb41d1" protocol=ttrpc version=3
Oct 01 19:51:31 roomfit-control-plane systemd[1]: Started cri-containerd-a71fc56a4de21e5710e546d7f9ae64567d3323c2f539f7ef5459fafd471bd99d.scope - libcontainer container a71fc56a4de21e5710e546d7f9ae64567d3323c2f539f7ef5459fafd471bd99d.
Oct 01 19:51:31 roomfit-control-plane kubelet[216]: E1001 19:51:31.336578     216 kubelet.go:3196] "No need to create a mirror pod, since failed to get node info from the cluster" err="node \"roomfit-control-plane\" not found" node="roomfit-control-plane"
Oct 01 19:51:31 roomfit-control-plane kubelet[216]: E1001 19:51:31.340139     216 kubelet.go:3196] "No need to create a mirror pod, since failed to get node info from the cluster" err="node \"roomfit-control-plane\" not found" node="roomfit-control-plane"
Oct 01 19:51:31 roomfit-control-plane kubelet[216]: E1001 19:51:31.345012     216 kubelet.go:3196] "No need to create a mirror pod, since failed to get node info from the cluster" err="node \"roomfit-control-plane\" not found" node="roomfit-control-plane"
Oct 01 19:51:32 roomfit-control-plane kubelet[216]: E1001 19:51:32.346523     216 kubelet.go:3196] "No need to create a mirror pod, since failed to get node info from the cluster" err="node \"roomfit-control-plane\" not found" node="roomfit-control-plane"
Oct 01 19:51:32 roomfit-control-plane kubelet[216]: E1001 19:51:32.346589     216 kubelet.go:3196] "No need to create a mirror pod, since failed to get node info from the cluster" err="node \"roomfit-control-plane\" not found" node="roomfit-control-plane"
Oct 01 19:51:32 roomfit-control-plane kubelet[216]: E1001 19:51:32.346717     216 kubelet.go:3196] "No need to create a mirror pod, since failed to get node info from the cluster" err="node \"roomfit-control-plane\" not found" node="roomfit-control-plane"
Oct 01 19:51:32 roomfit-control-plane kubelet[216]: I1001 19:51:32.777221     216 kubelet_node_status.go:76] "Attempting to register node" node="roomfit-control-plane"
Oct 01 19:51:33 roomfit-control-plane containerd[105]: time="2026-10-01T19:51:33.133763425Z" level=error msg="get state for a71fc56a4de21e5710e546d7f9ae64567d3323c2f539f7ef5459fafd471bd99d" error="context deadline exceeded"
Oct 01 19:51:33 roomfit-control-plane containerd[105]: time="2026-10-01T19:51:33.133826375Z" level=warning msg="unknown status" status=0
Oct 01 19:51:33 roomfit-control-plane kubelet[216]: E1001 19:51:33.347714     216 kubelet.go:3196] "No need to create a mirror pod, since failed to get node info from the cluster" err="node \"roomfit-control-plane\" not found" node="roomfit-control-plane"
Oct 01 19:51:33 roomfit-control-plane kubelet[216]: E1001 19:51:33.347833     216 kubelet.go:3196] "No need to create a mirror pod, since failed to get node info from the cluster" err="node \"roomfit-control-plane\" not found" node="roomfit-control-plane"
Oct 01 19:51:34 roomfit-control-plane kubelet[216]: E1001 19:51:34.004750     216 kubelet.go:3196] "No need to create a mirror pod, since failed to get node info from the cluster" err="node \"roomfit-control-plane\" not found" node="roomfit-control-plane"
Oct 01 19:51:35 roomfit-control-plane containerd[105]: time="2026-10-01T19:51:35.222549898Z" level=error msg="get state for a71fc56a4de21e5710e546d7f9ae64567d3323c2f539f7ef5459fafd471bd99d" error="context deadline exceeded"
Oct 01 19:51:35 roomfit-control-plane containerd[105]: time="2026-10-01T19:51:35.222617919Z" level=warning msg="unknown status" status=0
Oct 01 19:51:35 roomfit-control-plane containerd[105]: time="2026-10-01T19:51:35.841560455Z" level=error msg="ttrpc: received message on inactive stream" stream=3
Oct 01 19:51:35 roomfit-control-plane containerd[105]: time="2026-10-01T19:51:35.841696046Z" level=error msg="ttrpc: received message on inactive stream" stream=5
Oct 01 19:51:36 roomfit-control-plane kubelet[216]: E1001 19:51:36.449658     216 eviction_manager.go:292] "Eviction manager: failed to get summary stats" err="failed to get node info: node \"roomfit-control-plane\" not found"
Oct 01 19:51:37 roomfit-control-plane kubelet[216]: E1001 19:51:37.702142     216 kubelet.go:3196] "No need to create a mirror pod, since failed to get node info from the cluster" err="node \"roomfit-control-plane\" not found" node="roomfit-control-plane"
Oct 01 19:51:42 roomfit-control-plane kubelet[216]: E1001 19:51:42.432597     216 controller.go:145] "Failed to ensure lease exists, will retry" err="Get \"https://roomfit-control-plane:6443/apis/coordination.k8s.io/v1/namespaces/kube-node-lease/leases/roomfit-control-plane?timeout=10s\": context deadline exceeded" interval="6.4s"
Oct 01 19:51:42 roomfit-control-plane kubelet[216]: E1001 19:51:42.447336     216 event.go:368] "Unable to write event (may retry after sleeping)" err="Post \"https://roomfit-control-plane:6443/api/v1/namespaces/default/events\": net/http: TLS handshake timeout" event="&Event{ObjectMeta:{roomfit-control-plane.18da7fc512d03099  default    0 0001-01-01 00:00:00 +0000 UTC <nil> <nil> map[] map[] [] [] []},InvolvedObject:ObjectReference{Kind:Node,Namespace:,Name:roomfit-control-plane,UID:roomfit-control-plane,APIVersion:,ResourceVersion:,FieldPath:,},Reason:Starting,Message:Starting kubelet.,Source:EventSource{Component:kubelet,Host:roomfit-control-plane,},FirstTimestamp:2026-10-01 19:51:26.234112153 +0000 UTC m=+0.905792793,LastTimestamp:2026-10-01 19:51:26.234112153 +0000 UTC m=+0.905792793,Count:1,Type:Normal,EventTime:0001-01-01 00:00:00 +0000 UTC,Series:nil,Action:,Related:nil,ReportingController:kubelet,ReportingInstance:roomfit-control-plane,}"
Oct 01 19:51:42 roomfit-control-plane kubelet[216]: E1001 19:51:42.470657     216 certificate_manager.go:562] "Unhandled Error" err="kubernetes.io/kube-apiserver-client-kubelet: Failed while requesting a signed certificate from the control plane: cannot create certificate signing request: Post \"https://roomfit-control-plane:6443/apis/certificates.k8s.io/v1/certificatesigningrequests\": net/http: TLS handshake timeout" logger="UnhandledError"
Oct 01 19:51:42 roomfit-control-plane kubelet[216]: E1001 19:51:42.764854     216 kubelet_node_status.go:108] "Unable to register node with API server" err="Post \"https://roomfit-control-plane:6443/api/v1/nodes\": net/http: TLS handshake timeout" node="roomfit-control-plane"
Oct 01 19:51:43 roomfit-control-plane kubelet[216]: W1001 19:51:43.773943     216 reflector.go:569] k8s.io/client-go/informers/factory.go:160: failed to list *v1.RuntimeClass: Get "https://roomfit-control-plane:6443/apis/node.k8s.io/v1/runtimeclasses?limit=500&resourceVersion=0": net/http: TLS handshake timeout
Oct 01 19:51:43 roomfit-control-plane kubelet[216]: E1001 19:51:43.773999     216 reflector.go:166] "Unhandled Error" err="k8s.io/client-go/informers/factory.go:160: Failed to watch *v1.RuntimeClass: failed to list *v1.RuntimeClass: Get \"https://roomfit-control-plane:6443/apis/node.k8s.io/v1/runtimeclasses?limit=500&resourceVersion=0\": net/http: TLS handshake timeout" logger="UnhandledError"
Oct 01 19:51:44 roomfit-control-plane kubelet[216]: E1001 19:51:44.010337     216 kubelet.go:3196] "No need to create a mirror pod, since failed to get node info from the cluster" err="node \"roomfit-control-plane\" not found" node="roomfit-control-plane"
Oct 01 19:51:44 roomfit-control-plane kubelet[216]: W1001 19:51:44.684225     216 reflector.go:569] k8s.io/client-go/informers/factory.go:160: failed to list *v1.Service: Get "https://roomfit-control-plane:6443/api/v1/services?fieldSelector=spec.clusterIP%21%3DNone&limit=500&resourceVersion=0": net/http: TLS handshake timeout
Oct 01 19:51:44 roomfit-control-plane kubelet[216]: E1001 19:51:44.684280     216 reflector.go:166] "Unhandled Error" err="k8s.io/client-go/informers/factory.go:160: Failed to watch *v1.Service: failed to list *v1.Service: Get \"https://roomfit-control-plane:6443/api/v1/services?fieldSelector=spec.clusterIP%21%3DNone&limit=500&resourceVersion=0\": net/http: TLS handshake timeout" logger="UnhandledError"
Oct 01 19:51:45 roomfit-control-plane kubelet[216]: W1001 19:51:45.840110     216 reflector.go:569] k8s.io/client-go/informers/factory.go:160: failed to list *v1.Node: Get "https://roomfit-control-plane:6443/api/v1/nodes?fieldSelector=metadata.name%3Droomfit-control-plane&limit=500&resourceVersion=0": net/http: TLS handshake timeout
Oct 01 19:51:45 roomfit-control-plane kubelet[216]: E1001 19:51:45.840207     216 reflector.go:166] "Unhandled Error" err="k8s.io/client-go/informers/factory.go:160: Failed to watch *v1.Node: failed to list *v1.Node: Get \"https://roomfit-control-plane:6443/api/v1/nodes?fieldSelector=metadata.name%3Droomfit-control-plane&limit=500&resourceVersion=0\": net/http: TLS handshake timeout" logger="UnhandledError"
Oct 01 19:51:46 roomfit-control-plane kubelet[216]: W1001 19:51:46.347639     216 reflector.go:569] k8s.io/client-go/informers/factory.go:160: failed to list *v1.CSIDriver: Get "https://roomfit-control-plane:6443/apis/storage.k8s.io/v1/csidrivers?limit=500&resourceVersion=0": net/http: TLS handshake timeout
Oct 01 19:51:46 roomfit-control-plane kubelet[216]: E1001 19:51:46.347728     216 reflector.go:166] "Unhandled Error" err="k8s.io/client-go/informers/factory.go:160: Failed to watch *v1.CSIDriver: failed to list *v1.CSIDriver: Get \"https://roomfit-control-plane:6443/apis/storage.k8s.io/v1/csidrivers?limit=500&resourceVersion=0\": net/http: TLS handshake timeout" logger="UnhandledError"
Oct 01 19:51:46 roomfit-control-plane kubelet[216]: E1001 19:51:46.449909     216 eviction_manager.go:292] "Eviction manager: failed to get summary stats" err="failed to get node info: node \"roomfit-control-plane\" not found"
Oct 01 19:51:49 roomfit-control-plane kubelet[216]: I1001 19:51:49.166671     216 kubelet_node_status.go:76] "Attempting to register node" node="roomfit-control-plane"
Oct 01 19:51:51 roomfit-control-plane kubelet[216]: E1001 19:51:51.362564     216 kubelet_node_status.go:108] "Unable to register node with API server" err="Post \"https://roomfit-control-plane:6443/api/v1/nodes\": read tcp 172.23.0.2:39998->172.23.0.2:6443: read: connection reset by peer" node="roomfit-control-plane"
Oct 01 19:51:51 roomfit-control-plane kubelet[216]: E1001 19:51:51.362664     216 certificate_manager.go:562] "Unhandled Error" err="kubernetes.io/kube-apiserver-client-kubelet: Failed while requesting a signed certificate from the control plane: cannot create certificate signing request: Post \"https://roomfit-control-plane:6443/apis/certificates.k8s.io/v1/certificatesigningrequests\": read tcp 172.23.0.2:40020->172.23.0.2:6443: read: connection reset by peer" logger="UnhandledError"
Oct 01 19:51:51 roomfit-control-plane systemd[1]: cri-containerd-d18562a45bd10e71072fddaf44286e0ce158c7d0de6c0a33e39047f2a7e72bb3.scope: Deactivated successfully.
Oct 01 19:51:51 roomfit-control-plane systemd[1]: cri-containerd-d18562a45bd10e71072fddaf44286e0ce158c7d0de6c0a33e39047f2a7e72bb3.scope: Consumed 5.858s CPU time.
Oct 01 19:51:51 roomfit-control-plane containerd[105]: time="2026-10-01T19:51:51.369655767Z" level=info msg="received exit event container_id:\"d18562a45bd10e71072fddaf44286e0ce158c7d0de6c0a33e39047f2a7e72bb3\" id:\"d18562a45bd10e71072fddaf44286e0ce158c7d0de6c0a33e39047f2a7e72bb3\" pid:586 exit_status:255 exited_at:{seconds:1790884311 nanos:368001665}"
Oct 01 19:51:51 roomfit-control-plane containerd[105]: time="2026-10-01T19:51:51.369879947Z" level=info msg="TaskExit event in podsandbox handler container_id:\"d18562a45bd10e71072fddaf44286e0ce158c7d0de6c0a33e39047f2a7e72bb3\" id:\"d18562a45bd10e71072fddaf44286e0ce158c7d0de6c0a33e39047f2a7e72bb3\" pid:586 exit_status:255 exited_at:{seconds:1790884311 nanos:368001665}"
Oct 01 19:51:51 roomfit-control-plane systemd[1]: run-containerd-io.containerd.runtime.v2.task-k8s.io-d18562a45bd10e71072fddaf44286e0ce158c7d0de6c0a33e39047f2a7e72bb3-rootfs.mount: Deactivated successfully.
Oct 01 19:51:52 roomfit-control-plane kubelet[216]: E1001 19:51:52.364961     216 controller.go:145] "Failed to ensure lease exists, will retry" err="Get \"https://roomfit-control-plane:6443/apis/coordination.k8s.io/v1/namespaces/kube-node-lease/leases/roomfit-control-plane?timeout=10s\": dial tcp 172.23.0.2:6443: connect: connection refused - error from a previous attempt: read tcp 172.23.0.2:39982->172.23.0.2:6443: read: connection reset by peer" interval="7s"
Oct 01 19:51:52 roomfit-control-plane kubelet[216]: E1001 19:51:52.385059     216 kubelet.go:3196] "No need to create a mirror pod, since failed to get node info from the cluster" err="node \"roomfit-control-plane\" not found" node="roomfit-control-plane"
Oct 01 19:51:52 roomfit-control-plane containerd[105]: time="2026-10-01T19:51:52.385223103Z" level=info msg="StartContainer for \"a71fc56a4de21e5710e546d7f9ae64567d3323c2f539f7ef5459fafd471bd99d\" returns successfully"
Oct 01 19:51:52 roomfit-control-plane kubelet[216]: E1001 19:51:52.448658     216 event.go:368] "Unable to write event (may retry after sleeping)" err="Post \"https://roomfit-control-plane:6443/api/v1/namespaces/default/events\": dial tcp 172.23.0.2:6443: connect: connection refused" event="&Event{ObjectMeta:{roomfit-control-plane.18da7fc512d03099  default    0 0001-01-01 00:00:00 +0000 UTC <nil> <nil> map[] map[] [] [] []},InvolvedObject:ObjectReference{Kind:Node,Namespace:,Name:roomfit-control-plane,UID:roomfit-control-plane,APIVersion:,ResourceVersion:,FieldPath:,},Reason:Starting,Message:Starting kubelet.,Source:EventSource{Component:kubelet,Host:roomfit-control-plane,},FirstTimestamp:2026-10-01 19:51:26.234112153 +0000 UTC m=+0.905792793,LastTimestamp:2026-10-01 19:51:26.234112153 +0000 UTC m=+0.905792793,Count:1,Type:Normal,EventTime:0001-01-01 00:00:00 +0000 UTC,Series:nil,Action:,Related:nil,ReportingController:kubelet,ReportingInstance:roomfit-control-plane,}"
Oct 01 19:51:53 roomfit-control-plane kubelet[216]: W1001 19:51:53.611045     216 reflector.go:569] k8s.io/client-go/informers/factory.go:160: failed to list *v1.RuntimeClass: Get "https://roomfit-control-plane:6443/apis/node.k8s.io/v1/runtimeclasses?limit=500&resourceVersion=0": dial tcp 172.23.0.2:6443: connect: connection refused
Oct 01 19:51:53 roomfit-control-plane kubelet[216]: E1001 19:51:53.611086     216 reflector.go:166] "Unhandled Error" err="k8s.io/client-go/informers/factory.go:160: Failed to watch *v1.RuntimeClass: failed to list *v1.RuntimeClass: Get \"https://roomfit-control-plane:6443/apis/node.k8s.io/v1/runtimeclasses?limit=500&resourceVersion=0\": dial tcp 172.23.0.2:6443: connect: connection refused" logger="UnhandledError"
Oct 01 19:51:55 roomfit-control-plane kubelet[216]: W1001 19:51:55.558008     216 reflector.go:569] k8s.io/client-go/informers/factory.go:160: failed to list *v1.CSIDriver: Get "https://roomfit-control-plane:6443/apis/storage.k8s.io/v1/csidrivers?limit=500&resourceVersion=0": dial tcp 172.23.0.2:6443: connect: connection refused
Oct 01 19:51:55 roomfit-control-plane kubelet[216]: E1001 19:51:55.558066     216 reflector.go:166] "Unhandled Error" err="k8s.io/client-go/informers/factory.go:160: Failed to watch *v1.CSIDriver: failed to list *v1.CSIDriver: Get \"https://roomfit-control-plane:6443/apis/storage.k8s.io/v1/csidrivers?limit=500&resourceVersion=0\": dial tcp 172.23.0.2:6443: connect: connection refused" logger="UnhandledError"
Oct 01 19:51:55 roomfit-control-plane kubelet[216]: W1001 19:51:55.764493     216 reflector.go:569] k8s.io/client-go/informers/factory.go:160: failed to list *v1.Service: Get "https://roomfit-control-plane:6443/api/v1/services?fieldSelector=spec.clusterIP%21%3DNone&limit=500&resourceVersion=0": dial tcp 172.23.0.2:6443: connect: connection refused
Oct 01 19:51:55 roomfit-control-plane kubelet[216]: E1001 19:51:55.764548     216 reflector.go:166] "Unhandled Error" err="k8s.io/client-go/informers/factory.go:160: Failed to watch *v1.Service: failed to list *v1.Service: Get \"https://roomfit-control-plane:6443/api/v1/services?fieldSelector=spec.clusterIP%21%3DNone&limit=500&resourceVersion=0\": dial tcp 172.23.0.2:6443: connect: connection refused" logger="UnhandledError"
Oct 01 19:51:56 roomfit-control-plane kubelet[216]: W1001 19:51:56.065229     216 reflector.go:569] k8s.io/client-go/informers/factory.go:160: failed to list *v1.Node: Get "https://roomfit-control-plane:6443/api/v1/nodes?fieldSelector=metadata.name%3Droomfit-control-plane&limit=500&resourceVersion=0": dial tcp 172.23.0.2:6443: connect: connection refused
Oct 01 19:51:56 roomfit-control-plane kubelet[216]: E1001 19:51:56.065286     216 reflector.go:166] "Unhandled Error" err="k8s.io/client-go/informers/factory.go:160: Failed to watch *v1.Node: failed to list *v1.Node: Get \"https://roomfit-control-plane:6443/api/v1/nodes?fieldSelector=metadata.name%3Droomfit-control-plane&limit=500&resourceVersion=0\": dial tcp 172.23.0.2:6443: connect: connection refused" logger="UnhandledError"
Oct 01 19:51:56 roomfit-control-plane kubelet[216]: E1001 19:51:56.450375     216 eviction_manager.go:292] "Eviction manager: failed to get summary stats" err="failed to get node info: node \"roomfit-control-plane\" not found"
Oct 01 19:51:58 roomfit-control-plane kubelet[216]: I1001 19:51:58.364247     216 kubelet_node_status.go:76] "Attempting to register node" node="roomfit-control-plane"
Oct 01 19:51:58 roomfit-control-plane kubelet[216]: E1001 19:51:58.364577     216 kubelet_node_status.go:108] "Unable to register node with API server" err="Post \"https://roomfit-control-plane:6443/api/v1/nodes\": dial tcp 172.23.0.2:6443: connect: connection refused" node="roomfit-control-plane"
Oct 01 19:51:59 roomfit-control-plane kubelet[216]: E1001 19:51:59.366571     216 controller.go:145] "Failed to ensure lease exists, will retry" err="Get \"https://roomfit-control-plane:6443/apis/coordination.k8s.io/v1/namespaces/kube-node-lease/leases/roomfit-control-plane?timeout=10s\": dial tcp 172.23.0.2:6443: connect: connection refused" interval="7s"
Oct 01 19:52:01 roomfit-control-plane containerd[105]: time="2026-10-01T19:52:01.370502683Z" level=error msg="failed to handle container TaskExit event container_id:\"d18562a45bd10e71072fddaf44286e0ce158c7d0de6c0a33e39047f2a7e72bb3\" id:\"d18562a45bd10e71072fddaf44286e0ce158c7d0de6c0a33e39047f2a7e72bb3\" pid:586 exit_status:255 exited_at:{seconds:1790884311 nanos:368001665}" error="failed to stop container: failed to delete task: context deadline exceeded"
Oct 01 19:52:02 roomfit-control-plane kubelet[216]: E1001 19:52:02.407656     216 kubelet.go:3196] "No need to create a mirror pod, since failed to get node info from the cluster" err="node \"roomfit-control-plane\" not found" node="roomfit-control-plane"
Oct 01 19:52:02 roomfit-control-plane kubelet[216]: E1001 19:52:02.450102     216 event.go:368] "Unable to write event (may retry after sleeping)" err="Post \"https://roomfit-control-plane:6443/api/v1/namespaces/default/events\": dial tcp 172.23.0.2:6443: connect: connection refused" event="&Event{ObjectMeta:{roomfit-control-plane.18da7fc512d03099  default    0 0001-01-01 00:00:00 +0000 UTC <nil> <nil> map[] map[] [] [] []},InvolvedObject:ObjectReference{Kind:Node,Namespace:,Name:roomfit-control-plane,UID:roomfit-control-plane,APIVersion:,ResourceVersion:,FieldPath:,},Reason:Starting,Message:Starting kubelet.,Source:EventSource{Component:kubelet,Host:roomfit-control-plane,},FirstTimestamp:2026-10-01 19:51:26.234112153 +0000 UTC m=+0.905792793,LastTimestamp:2026-10-01 19:51:26.234112153 +0000 UTC m=+0.905792793,Count:1,Type:Normal,EventTime:0001-01-01 00:00:00 +0000 UTC,Series:nil,Action:,Related:nil,ReportingController:kubelet,ReportingInstance:roomfit-control-plane,}"
Oct 01 19:52:03 roomfit-control-plane containerd[105]: time="2026-10-01T19:52:03.172087565Z" level=info msg="TaskExit event container_id:\"d18562a45bd10e71072fddaf44286e0ce158c7d0de6c0a33e39047f2a7e72bb3\" id:\"d18562a45bd10e71072fddaf44286e0ce158c7d0de6c0a33e39047f2a7e72bb3\" pid:586 exit_status:255 exited_at:{seconds:1790884311 nanos:368001665}"
Oct 01 19:52:03 roomfit-control-plane kubelet[216]: E1001 19:52:03.409220     216 kubelet.go:3196] "No need to create a mirror pod, since failed to get node info from the cluster" err="node \"roomfit-control-plane\" not found" node="roomfit-control-plane"
Oct 01 19:52:05 roomfit-control-plane containerd[105]: time="2026-10-01T19:52:05.182549822Z" level=error msg="get state for d18562a45bd10e71072fddaf44286e0ce158c7d0de6c0a33e39047f2a7e72bb3" error="context deadline exceeded"
Oct 01 19:52:05 roomfit-control-plane containerd[105]: time="2026-10-01T19:52:05.182589899Z" level=warning msg="unknown status" status=0
Oct 01 19:52:05 roomfit-control-plane kubelet[216]: I1001 19:52:05.375361     216 kubelet_node_status.go:76] "Attempting to register node" node="roomfit-control-plane"
Oct 01 19:52:05 roomfit-control-plane kubelet[216]: E1001 19:52:05.376159     216 kubelet_node_status.go:108] "Unable to register node with API server" err="Post \"https://roomfit-control-plane:6443/api/v1/nodes\": dial tcp 172.23.0.2:6443: connect: connection refused" node="roomfit-control-plane"
Oct 01 19:52:06 roomfit-control-plane kubelet[216]: E1001 19:52:06.377216     216 controller.go:145] "Failed to ensure lease exists, will retry" err="Get \"https://roomfit-control-plane:6443/apis/coordination.k8s.io/v1/namespaces/kube-node-lease/leases/roomfit-control-plane?timeout=10s\": dial tcp 172.23.0.2:6443: connect: connection refused" interval="7s"
Oct 01 19:52:06 roomfit-control-plane kubelet[216]: E1001 19:52:06.460149     216 eviction_manager.go:292] "Eviction manager: failed to get summary stats" err="failed to get node info: node \"roomfit-control-plane\" not found"
Oct 01 19:52:07 roomfit-control-plane containerd[105]: time="2026-10-01T19:52:07.183710760Z" level=error msg="get state for d18562a45bd10e71072fddaf44286e0ce158c7d0de6c0a33e39047f2a7e72bb3" error="context deadline exceeded"
Oct 01 19:52:07 roomfit-control-plane containerd[105]: time="2026-10-01T19:52:07.183754993Z" level=warning msg="unknown status" status=0
Oct 01 19:52:07 roomfit-control-plane kubelet[216]: E1001 19:52:07.473281     216 certificate_manager.go:562] "Unhandled Error" err="kubernetes.io/kube-apiserver-client-kubelet: Failed while requesting a signed certificate from the control plane: cannot create certificate signing request: Post \"https://roomfit-control-plane:6443/apis/certificates.k8s.io/v1/certificatesigningrequests\": dial tcp 172.23.0.2:6443: connect: connection refused" logger="UnhandledError"
Oct 01 19:52:07 roomfit-control-plane kubelet[216]: E1001 19:52:07.474518     216 certificate_manager.go:440] "Unhandled Error" err="kubernetes.io/kube-apiserver-client-kubelet: Reached backoff limit, still unable to rotate certs: timed out waiting for the condition" logger="UnhandledError"
Oct 01 19:52:08 roomfit-control-plane kubelet[216]: E1001 19:52:08.542371     216 kubelet.go:3196] "No need to create a mirror pod, since failed to get node info from the cluster" err="node \"roomfit-control-plane\" not found" node="roomfit-control-plane"
Oct 01 19:52:09 roomfit-control-plane containerd[105]: time="2026-10-01T19:52:09.184962359Z" level=error msg="get state for d18562a45bd10e71072fddaf44286e0ce158c7d0de6c0a33e39047f2a7e72bb3" error="context deadline exceeded"
Oct 01 19:52:09 roomfit-control-plane containerd[105]: time="2026-10-01T19:52:09.185003688Z" level=warning msg="unknown status" status=0
Oct 01 19:52:12 roomfit-control-plane kubelet[216]: I1001 19:52:12.377915     216 kubelet_node_status.go:76] "Attempting to register node" node="roomfit-control-plane"
Oct 01 19:52:12 roomfit-control-plane kubelet[216]: E1001 19:52:12.378290     216 kubelet_node_status.go:108] "Unable to register node with API server" err="Post \"https://roomfit-control-plane:6443/api/v1/nodes\": dial tcp 172.23.0.2:6443: connect: connection refused" node="roomfit-control-plane"
Oct 01 19:52:12 roomfit-control-plane kubelet[216]: E1001 19:52:12.460297     216 event.go:368] "Unable to write event (may retry after sleeping)" err="Post \"https://roomfit-control-plane:6443/api/v1/namespaces/default/events\": dial tcp 172.23.0.2:6443: connect: connection refused" event="&Event{ObjectMeta:{roomfit-control-plane.18da7fc512d03099  default    0 0001-01-01 00:00:00 +0000 UTC <nil> <nil> map[] map[] [] [] []},InvolvedObject:ObjectReference{Kind:Node,Namespace:,Name:roomfit-control-plane,UID:roomfit-control-plane,APIVersion:,ResourceVersion:,FieldPath:,},Reason:Starting,Message:Starting kubelet.,Source:EventSource{Component:kubelet,Host:roomfit-control-plane,},FirstTimestamp:2026-10-01 19:51:26.234112153 +0000 UTC m=+0.905792793,LastTimestamp:2026-10-01 19:51:26.234112153 +0000 UTC m=+0.905792793,Count:1,Type:Normal,EventTime:0001-01-01 00:00:00 +0000 UTC,Series:nil,Action:,Related:nil,ReportingController:kubelet,ReportingInstance:roomfit-control-plane,}"
Oct 01 19:52:13 roomfit-control-plane kubelet[216]: W1001 19:52:13.174059     216 reflector.go:569] k8s.io/client-go/informers/factory.go:160: failed to list *v1.RuntimeClass: Get "https://roomfit-control-plane:6443/apis/node.k8s.io/v1/runtimeclasses?limit=500&resourceVersion=0": dial tcp 172.23.0.2:6443: connect: connection refused
Oct 01 19:52:13 roomfit-control-plane kubelet[216]: E1001 19:52:13.174126     216 reflector.go:166] "Unhandled Error" err="k8s.io/client-go/informers/factory.go:160: Failed to watch *v1.RuntimeClass: failed to list *v1.RuntimeClass: Get \"https://roomfit-control-plane:6443/apis/node.k8s.io/v1/runtimeclasses?limit=500&resourceVersion=0\": dial tcp 172.23.0.2:6443: connect: connection refused" logger="UnhandledError"
Oct 01 19:52:13 roomfit-control-plane containerd[105]: time="2026-10-01T19:52:13.182425595Z" level=error msg="Failed to handle backOff event container_id:\"d18562a45bd10e71072fddaf44286e0ce158c7d0de6c0a33e39047f2a7e72bb3\" id:\"d18562a45bd10e71072fddaf44286e0ce158c7d0de6c0a33e39047f2a7e72bb3\" pid:586 exit_status:255 exited_at:{seconds:1790884311 nanos:368001665} for d18562a45bd10e71072fddaf44286e0ce158c7d0de6c0a33e39047f2a7e72bb3" error="failed to handle container TaskExit event: failed to stop container: failed to delete task: context deadline exceeded"
Oct 01 19:52:13 roomfit-control-plane kubelet[216]: E1001 19:52:13.378561     216 controller.go:145] "Failed to ensure lease exists, will retry" err="Get \"https://roomfit-control-plane:6443/apis/coordination.k8s.io/v1/namespaces/kube-node-lease/leases/roomfit-control-plane?timeout=10s\": dial tcp 172.23.0.2:6443: connect: connection refused" interval="7s"
Oct 01 19:52:13 roomfit-control-plane kubelet[216]: W1001 19:52:13.723372     216 reflector.go:569] k8s.io/client-go/informers/factory.go:160: failed to list *v1.Service: Get "https://roomfit-control-plane:6443/api/v1/services?fieldSelector=spec.clusterIP%21%3DNone&limit=500&resourceVersion=0": dial tcp 172.23.0.2:6443: connect: connection refused
Oct 01 19:52:13 roomfit-control-plane kubelet[216]: E1001 19:52:13.723431     216 reflector.go:166] "Unhandled Error" err="k8s.io/client-go/informers/factory.go:160: Failed to watch *v1.Service: failed to list *v1.Service: Get \"https://roomfit-control-plane:6443/api/v1/services?fieldSelector=spec.clusterIP%21%3DNone&limit=500&resourceVersion=0\": dial tcp 172.23.0.2:6443: connect: connection refused" logger="UnhandledError"
Oct 01 19:52:16 roomfit-control-plane containerd[105]: time="2026-10-01T19:52:16.180976342Z" level=info msg="TaskExit event container_id:\"d18562a45bd10e71072fddaf44286e0ce158c7d0de6c0a33e39047f2a7e72bb3\" id:\"d18562a45bd10e71072fddaf44286e0ce158c7d0de6c0a33e39047f2a7e72bb3\" pid:586 exit_status:255 exited_at:{seconds:1790884311 nanos:368001665}"
Oct 01 19:52:16 roomfit-control-plane kubelet[216]: E1001 19:52:16.460631     216 eviction_manager.go:292] "Eviction manager: failed to get summary stats" err="failed to get node info: node \"roomfit-control-plane\" not found"
Oct 01 19:52:17 roomfit-control-plane kubelet[216]: W1001 19:52:17.101589     216 reflector.go:569] k8s.io/client-go/informers/factory.go:160: failed to list *v1.Node: Get "https://roomfit-control-plane:6443/api/v1/nodes?fieldSelector=metadata.name%3Droomfit-control-plane&limit=500&resourceVersion=0": dial tcp 172.23.0.2:6443: connect: connection refused
Oct 01 19:52:17 roomfit-control-plane kubelet[216]: E1001 19:52:17.101645     216 reflector.go:166] "Unhandled Error" err="k8s.io/client-go/informers/factory.go:160: Failed to watch *v1.Node: failed to list *v1.Node: Get \"https://roomfit-control-plane:6443/api/v1/nodes?fieldSelector=metadata.name%3Droomfit-control-plane&limit=500&resourceVersion=0\": dial tcp 172.23.0.2:6443: connect: connection refused" logger="UnhandledError"
Oct 01 19:52:18 roomfit-control-plane containerd[105]: time="2026-10-01T19:52:18.181780530Z" level=error msg="get state for d18562a45bd10e71072fddaf44286e0ce158c7d0de6c0a33e39047f2a7e72bb3" error="context deadline exceeded"
Oct 01 19:52:18 roomfit-control-plane containerd[105]: time="2026-10-01T19:52:18.181821289Z" level=warning msg="unknown status" status=0
Oct 01 19:52:19 roomfit-control-plane kubelet[216]: I1001 19:52:19.379065     216 kubelet_node_status.go:76] "Attempting to register node" node="roomfit-control-plane"
Oct 01 19:52:19 roomfit-control-plane kubelet[216]: E1001 19:52:19.379352     216 kubelet_node_status.go:108] "Unable to register node with API server" err="Post \"https://roomfit-control-plane:6443/api/v1/nodes\": dial tcp 172.23.0.2:6443: connect: connection refused" node="roomfit-control-plane"
Oct 01 19:52:19 roomfit-control-plane kubelet[216]: W1001 19:52:19.740696     216 reflector.go:569] k8s.io/client-go/informers/factory.go:160: failed to list *v1.CSIDriver: Get "https://roomfit-control-plane:6443/apis/storage.k8s.io/v1/csidrivers?limit=500&resourceVersion=0": dial tcp 172.23.0.2:6443: connect: connection refused
Oct 01 19:52:19 roomfit-control-plane kubelet[216]: E1001 19:52:19.740761     216 reflector.go:166] "Unhandled Error" err="k8s.io/client-go/informers/factory.go:160: Failed to watch *v1.CSIDriver: failed to list *v1.CSIDriver: Get \"https://roomfit-control-plane:6443/apis/storage.k8s.io/v1/csidrivers?limit=500&resourceVersion=0\": dial tcp 172.23.0.2:6443: connect: connection refused" logger="UnhandledError"
Oct 01 19:52:20 roomfit-control-plane containerd[105]: time="2026-10-01T19:52:20.182542977Z" level=error msg="get state for d18562a45bd10e71072fddaf44286e0ce158c7d0de6c0a33e39047f2a7e72bb3" error="context deadline exceeded"
Oct 01 19:52:20 roomfit-control-plane containerd[105]: time="2026-10-01T19:52:20.182580334Z" level=warning msg="unknown status" status=0
Oct 01 19:52:20 roomfit-control-plane kubelet[216]: E1001 19:52:20.379657     216 controller.go:145] "Failed to ensure lease exists, will retry" err="Get \"https://roomfit-control-plane:6443/apis/coordination.k8s.io/v1/namespaces/kube-node-lease/leases/roomfit-control-plane?timeout=10s\": dial tcp 172.23.0.2:6443: connect: connection refused" interval="7s"
Oct 01 19:52:22 roomfit-control-plane containerd[105]: time="2026-10-01T19:52:22.183482286Z" level=error msg="get state for d18562a45bd10e71072fddaf44286e0ce158c7d0de6c0a33e39047f2a7e72bb3" error="context deadline exceeded"
Oct 01 19:52:22 roomfit-control-plane containerd[105]: time="2026-10-01T19:52:22.183525179Z" level=warning msg="unknown status" status=0
Oct 01 19:52:22 roomfit-control-plane kubelet[216]: E1001 19:52:22.461751     216 event.go:368] "Unable to write event (may retry after sleeping)" err="Post \"https://roomfit-control-plane:6443/api/v1/namespaces/default/events\": dial tcp 172.23.0.2:6443: connect: connection refused" event="&Event{ObjectMeta:{roomfit-control-plane.18da7fc512d03099  default    0 0001-01-01 00:00:00 +0000 UTC <nil> <nil> map[] map[] [] [] []},InvolvedObject:ObjectReference{Kind:Node,Namespace:,Name:roomfit-control-plane,UID:roomfit-control-plane,APIVersion:,ResourceVersion:,FieldPath:,},Reason:Starting,Message:Starting kubelet.,Source:EventSource{Component:kubelet,Host:roomfit-control-plane,},FirstTimestamp:2026-10-01 19:51:26.234112153 +0000 UTC m=+0.905792793,LastTimestamp:2026-10-01 19:51:26.234112153 +0000 UTC m=+0.905792793,Count:1,Type:Normal,EventTime:0001-01-01 00:00:00 +0000 UTC,Series:nil,Action:,Related:nil,ReportingController:kubelet,ReportingInstance:roomfit-control-plane,}"
Oct 01 19:52:26 roomfit-control-plane containerd[105]: time="2026-10-01T19:52:26.181617058Z" level=error msg="Failed to handle backOff event container_id:\"d18562a45bd10e71072fddaf44286e0ce158c7d0de6c0a33e39047f2a7e72bb3\" id:\"d18562a45bd10e71072fddaf44286e0ce158c7d0de6c0a33e39047f2a7e72bb3\" pid:586 exit_status:255 exited_at:{seconds:1790884311 nanos:368001665} for d18562a45bd10e71072fddaf44286e0ce158c7d0de6c0a33e39047f2a7e72bb3" error="failed to handle container TaskExit event: failed to stop container: failed to delete task: context deadline exceeded"
Oct 01 19:52:26 roomfit-control-plane kubelet[216]: I1001 19:52:26.381441     216 kubelet_node_status.go:76] "Attempting to register node" node="roomfit-control-plane"
Oct 01 19:52:26 roomfit-control-plane kubelet[216]: E1001 19:52:26.382852     216 kubelet_node_status.go:108] "Unable to register node with API server" err="Post \"https://roomfit-control-plane:6443/api/v1/nodes\": dial tcp 172.23.0.2:6443: connect: connection refused" node="roomfit-control-plane"
Oct 01 19:52:26 roomfit-control-plane kubelet[216]: E1001 19:52:26.460886     216 eviction_manager.go:292] "Eviction manager: failed to get summary stats" err="failed to get node info: node \"roomfit-control-plane\" not found"
Oct 01 19:52:27 roomfit-control-plane kubelet[216]: E1001 19:52:27.381972     216 controller.go:145] "Failed to ensure lease exists, will retry" err="Get \"https://roomfit-control-plane:6443/apis/coordination.k8s.io/v1/namespaces/kube-node-lease/leases/roomfit-control-plane?timeout=10s\": dial tcp 172.23.0.2:6443: connect: connection refused" interval="7s"
Oct 01 19:52:31 roomfit-control-plane containerd[105]: time="2026-10-01T19:52:31.181398500Z" level=info msg="TaskExit event container_id:\"d18562a45bd10e71072fddaf44286e0ce158c7d0de6c0a33e39047f2a7e72bb3\" id:\"d18562a45bd10e71072fddaf44286e0ce158c7d0de6c0a33e39047f2a7e72bb3\" pid:586 exit_status:255 exited_at:{seconds:1790884311 nanos:368001665}"
Oct 01 19:52:32 roomfit-control-plane kubelet[216]: E1001 19:52:32.463444     216 event.go:368] "Unable to write event (may retry after sleeping)" err="Post \"https://roomfit-control-plane:6443/api/v1/namespaces/default/events\": dial tcp 172.23.0.2:6443: connect: connection refused" event="&Event{ObjectMeta:{roomfit-control-plane.18da7fc512d03099  default    0 0001-01-01 00:00:00 +0000 UTC <nil> <nil> map[] map[] [] [] []},InvolvedObject:ObjectReference{Kind:Node,Namespace:,Name:roomfit-control-plane,UID:roomfit-control-plane,APIVersion:,ResourceVersion:,FieldPath:,},Reason:Starting,Message:Starting kubelet.,Source:EventSource{Component:kubelet,Host:roomfit-control-plane,},FirstTimestamp:2026-10-01 19:51:26.234112153 +0000 UTC m=+0.905792793,LastTimestamp:2026-10-01 19:51:26.234112153 +0000 UTC m=+0.905792793,Count:1,Type:Normal,EventTime:0001-01-01 00:00:00 +0000 UTC,Series:nil,Action:,Related:nil,ReportingController:kubelet,ReportingInstance:roomfit-control-plane,}"
Oct 01 19:52:33 roomfit-control-plane containerd[105]: time="2026-10-01T19:52:33.181640206Z" level=error msg="get state for d18562a45bd10e71072fddaf44286e0ce158c7d0de6c0a33e39047f2a7e72bb3" error="context deadline exceeded"
Oct 01 19:52:33 roomfit-control-plane containerd[105]: time="2026-10-01T19:52:33.181686277Z" level=warning msg="unknown status" status=0
Oct 01 19:52:33 roomfit-control-plane kubelet[216]: I1001 19:52:33.384046     216 kubelet_node_status.go:76] "Attempting to register node" node="roomfit-control-plane"
Oct 01 19:52:33 roomfit-control-plane kubelet[216]: E1001 19:52:33.384609     216 kubelet_node_status.go:108] "Unable to register node with API server" err="Post \"https://roomfit-control-plane:6443/api/v1/nodes\": dial tcp 172.23.0.2:6443: connect: connection refused" node="roomfit-control-plane"
Oct 01 19:52:34 roomfit-control-plane kubelet[216]: E1001 19:52:34.382912     216 controller.go:145] "Failed to ensure lease exists, will retry" err="Get \"https://roomfit-control-plane:6443/apis/coordination.k8s.io/v1/namespaces/kube-node-lease/leases/roomfit-control-plane?timeout=10s\": dial tcp 172.23.0.2:6443: connect: connection refused" interval="7s"
Oct 01 19:52:35 roomfit-control-plane containerd[105]: time="2026-10-01T19:52:35.182045796Z" level=error msg="get state for d18562a45bd10e71072fddaf44286e0ce158c7d0de6c0a33e39047f2a7e72bb3" error="context deadline exceeded"
Oct 01 19:52:35 roomfit-control-plane containerd[105]: time="2026-10-01T19:52:35.182086350Z" level=warning msg="unknown status" status=0
Oct 01 19:52:35 roomfit-control-plane containerd[105]: time="2026-10-01T19:52:35.323538585Z" level=error msg="ttrpc: received message on inactive stream" stream=33
Oct 01 19:52:35 roomfit-control-plane containerd[105]: time="2026-10-01T19:52:35.323892384Z" level=error msg="ttrpc: received message on inactive stream" stream=35
Oct 01 19:52:35 roomfit-control-plane containerd[105]: time="2026-10-01T19:52:35.323901281Z" level=error msg="ttrpc: received message on inactive stream" stream=37
Oct 01 19:52:35 roomfit-control-plane containerd[105]: time="2026-10-01T19:52:35.323925665Z" level=error msg="ttrpc: received message on inactive stream" stream=41
Oct 01 19:52:35 roomfit-control-plane containerd[105]: time="2026-10-01T19:52:35.323929700Z" level=error msg="ttrpc: received message on inactive stream" stream=43
Oct 01 19:52:35 roomfit-control-plane containerd[105]: time="2026-10-01T19:52:35.323934877Z" level=error msg="ttrpc: received message on inactive stream" stream=45
Oct 01 19:52:35 roomfit-control-plane containerd[105]: time="2026-10-01T19:52:35.323937774Z" level=error msg="ttrpc: received message on inactive stream" stream=49
Oct 01 19:52:35 roomfit-control-plane containerd[105]: time="2026-10-01T19:52:35.323940647Z" level=error msg="ttrpc: received message on inactive stream" stream=51
Oct 01 19:52:35 roomfit-control-plane containerd[105]: time="2026-10-01T19:52:35.324214834Z" level=error msg="ttrpc: received message on inactive stream" stream=39
Oct 01 19:52:35 roomfit-control-plane containerd[105]: time="2026-10-01T19:52:35.324834275Z" level=info msg="Ensure that container d18562a45bd10e71072fddaf44286e0ce158c7d0de6c0a33e39047f2a7e72bb3 in task-service has been cleanup successfully"
Oct 01 19:52:35 roomfit-control-plane kubelet[216]: E1001 19:52:35.703087     216 kubelet.go:3196] "No need to create a mirror pod, since failed to get node info from the cluster" err="node \"roomfit-control-plane\" not found" node="roomfit-control-plane"
Oct 01 19:52:35 roomfit-control-plane kubelet[216]: I1001 19:52:35.703435     216 scope.go:117] "RemoveContainer" containerID="d18562a45bd10e71072fddaf44286e0ce158c7d0de6c0a33e39047f2a7e72bb3"
Oct 01 19:52:35 roomfit-control-plane containerd[105]: time="2026-10-01T19:52:35.706131697Z" level=info msg="CreateContainer within sandbox \"563b37c75e8176f43011b3cbe2992392bc0514c4748ab904471b74c7d920a114\" for container &ContainerMetadata{Name:kube-apiserver,Attempt:1,}"
Oct 01 19:52:36 roomfit-control-plane containerd[105]: time="2026-10-01T19:52:36.025225439Z" level=info msg="Container f7b12c71b88b5f8065675a11ecce24b1080d14897654e2c8b50dd5fbded59d5c: CDI devices from CRI Config.CDIDevices: []"
Oct 01 19:52:36 roomfit-control-plane containerd[105]: time="2026-10-01T19:52:36.083951603Z" level=info msg="CreateContainer within sandbox \"563b37c75e8176f43011b3cbe2992392bc0514c4748ab904471b74c7d920a114\" for &ContainerMetadata{Name:kube-apiserver,Attempt:1,} returns container id \"f7b12c71b88b5f8065675a11ecce24b1080d14897654e2c8b50dd5fbded59d5c\""
Oct 01 19:52:36 roomfit-control-plane containerd[105]: time="2026-10-01T19:52:36.084623750Z" level=info msg="StartContainer for \"f7b12c71b88b5f8065675a11ecce24b1080d14897654e2c8b50dd5fbded59d5c\""
Oct 01 19:52:36 roomfit-control-plane containerd[105]: time="2026-10-01T19:52:36.086061714Z" level=info msg="connecting to shim f7b12c71b88b5f8065675a11ecce24b1080d14897654e2c8b50dd5fbded59d5c" address="unix:///run/containerd/s/2d8c5e356e2e8a0c54f13ede56295ea97466e7c570c4b469739751186959fde4" protocol=ttrpc version=3
Oct 01 19:52:36 roomfit-control-plane systemd[1]: Started cri-containerd-f7b12c71b88b5f8065675a11ecce24b1080d14897654e2c8b50dd5fbded59d5c.scope - libcontainer container f7b12c71b88b5f8065675a11ecce24b1080d14897654e2c8b50dd5fbded59d5c.
Oct 01 19:52:36 roomfit-control-plane kubelet[216]: E1001 19:52:36.461803     216 eviction_manager.go:292] "Eviction manager: failed to get summary stats" err="failed to get node info: node \"roomfit-control-plane\" not found"
Oct 01 19:52:37 roomfit-control-plane containerd[105]: time="2026-10-01T19:52:37.738508111Z" level=info msg="StartContainer for \"f7b12c71b88b5f8065675a11ecce24b1080d14897654e2c8b50dd5fbded59d5c\" returns successfully"
Oct 01 19:52:38 roomfit-control-plane kubelet[216]: E1001 19:52:38.543068     216 kubelet.go:3196] "No need to create a mirror pod, since failed to get node info from the cluster" err="node \"roomfit-control-plane\" not found" node="roomfit-control-plane"
Oct 01 19:52:38 roomfit-control-plane kubelet[216]: E1001 19:52:38.743712     216 kubelet.go:3196] "No need to create a mirror pod, since failed to get node info from the cluster" err="node \"roomfit-control-plane\" not found" node="roomfit-control-plane"
Oct 01 19:52:38 roomfit-control-plane kubelet[216]: E1001 19:52:38.743786     216 kubelet.go:3196] "No need to create a mirror pod, since failed to get node info from the cluster" err="node \"roomfit-control-plane\" not found" node="roomfit-control-plane"
Oct 01 19:52:39 roomfit-control-plane kubelet[216]: E1001 19:52:39.747636     216 kubelet.go:3196] "No need to create a mirror pod, since failed to get node info from the cluster" err="node \"roomfit-control-plane\" not found" node="roomfit-control-plane"
Oct 01 19:52:40 roomfit-control-plane kubelet[216]: I1001 19:52:40.669100     216 kubelet_node_status.go:76] "Attempting to register node" node="roomfit-control-plane"
Oct 01 19:52:40 roomfit-control-plane kubelet[216]: E1001 19:52:40.747299     216 kubelet.go:3196] "No need to create a mirror pod, since failed to get node info from the cluster" err="node \"roomfit-control-plane\" not found" node="roomfit-control-plane"
Oct 01 19:52:42 roomfit-control-plane kubelet[216]: E1001 19:52:42.406798     216 nodelease.go:49] "Failed to get node when trying to set owner ref to the node lease" err="nodes \"roomfit-control-plane\" not found" node="roomfit-control-plane"
Oct 01 19:52:43 roomfit-control-plane kubelet[216]: E1001 19:52:43.813703     216 event.go:359] "Server rejected event (will not retry!)" err="namespaces \"default\" not found" event="&Event{ObjectMeta:{roomfit-control-plane.18da7fc512d03099  default    0 0001-01-01 00:00:00 +0000 UTC <nil> <nil> map[] map[] [] [] []},InvolvedObject:ObjectReference{Kind:Node,Namespace:,Name:roomfit-control-plane,UID:roomfit-control-plane,APIVersion:,ResourceVersion:,FieldPath:,},Reason:Starting,Message:Starting kubelet.,Source:EventSource{Component:kubelet,Host:roomfit-control-plane,},FirstTimestamp:2026-10-01 19:51:26.234112153 +0000 UTC m=+0.905792793,LastTimestamp:2026-10-01 19:51:26.234112153 +0000 UTC m=+0.905792793,Count:1,Type:Normal,EventTime:0001-01-01 00:00:00 +0000 UTC,Series:nil,Action:,Related:nil,ReportingController:kubelet,ReportingInstance:roomfit-control-plane,}"
Oct 01 19:52:43 roomfit-control-plane kubelet[216]: I1001 19:52:43.813793     216 kubelet_node_status.go:79] "Successfully registered node" node="roomfit-control-plane"
Oct 01 19:52:43 roomfit-control-plane kubelet[216]: E1001 19:52:43.814497     216 kubelet_node_status.go:549] "Error updating node status, will retry" err="error getting node \"roomfit-control-plane\": node \"roomfit-control-plane\" not found"
Oct 01 19:52:46 roomfit-control-plane kubelet[216]: E1001 19:52:46.266012     216 event.go:359] "Server rejected event (will not retry!)" err="namespaces \"default\" not found" event="&Event{ObjectMeta:{roomfit-control-plane.18da7fc513a1a06b  default    0 0001-01-01 00:00:00 +0000 UTC <nil> <nil> map[] map[] [] [] []},InvolvedObject:ObjectReference{Kind:Node,Namespace:,Name:roomfit-control-plane,UID:roomfit-control-plane,APIVersion:,ResourceVersion:,FieldPath:,},Reason:NodeHasSufficientMemory,Message:Node roomfit-control-plane status is now: NodeHasSufficientMemory,Source:EventSource{Component:kubelet,Host:roomfit-control-plane,},FirstTimestamp:2026-10-01 19:51:26.247837803 +0000 UTC m=+0.919518431,LastTimestamp:2026-10-01 19:51:26.247837803 +0000 UTC m=+0.919518431,Count:1,Type:Normal,EventTime:0001-01-01 00:00:00 +0000 UTC,Series:nil,Action:,Related:nil,ReportingController:kubelet,ReportingInstance:roomfit-control-plane,}"
Oct 01 19:52:46 roomfit-control-plane kubelet[216]: E1001 19:52:46.266191     216 kubelet_node_status.go:467] "Error getting the current node from lister" err="node \"roomfit-control-plane\" not found"
Oct 01 19:52:46 roomfit-control-plane kubelet[216]: E1001 19:52:46.284631     216 kubelet.go:3196] "No need to create a mirror pod, since failed to get node info from the cluster" err="node \"roomfit-control-plane\" not found" node="roomfit-control-plane"
Oct 01 19:52:46 roomfit-control-plane kubelet[216]: E1001 19:52:46.367318     216 kubelet_node_status.go:467] "Error getting the current node from lister" err="node \"roomfit-control-plane\" not found"
Oct 01 19:52:46 roomfit-control-plane kubelet[216]: E1001 19:52:46.462772     216 eviction_manager.go:292] "Eviction manager: failed to get summary stats" err="failed to get node info: node \"roomfit-control-plane\" not found"
Oct 01 19:52:46 roomfit-control-plane kubelet[216]: E1001 19:52:46.468083     216 kubelet_node_status.go:467] "Error getting the current node from lister" err="node \"roomfit-control-plane\" not found"
Oct 01 19:52:46 roomfit-control-plane kubelet[216]: E1001 19:52:46.569120     216 kubelet_node_status.go:467] "Error getting the current node from lister" err="node \"roomfit-control-plane\" not found"
Oct 01 19:52:46 roomfit-control-plane kubelet[216]: E1001 19:52:46.670154     216 kubelet_node_status.go:467] "Error getting the current node from lister" err="node \"roomfit-control-plane\" not found"
Oct 01 19:52:46 roomfit-control-plane kubelet[216]: E1001 19:52:46.771228     216 kubelet_node_status.go:467] "Error getting the current node from lister" err="node \"roomfit-control-plane\" not found"
Oct 01 19:52:46 roomfit-control-plane kubelet[216]: E1001 19:52:46.872086     216 kubelet_node_status.go:467] "Error getting the current node from lister" err="node \"roomfit-control-plane\" not found"
Oct 01 19:52:46 roomfit-control-plane kubelet[216]: E1001 19:52:46.972227     216 kubelet_node_status.go:467] "Error getting the current node from lister" err="node \"roomfit-control-plane\" not found"
Oct 01 19:52:47 roomfit-control-plane kubelet[216]: E1001 19:52:47.072876     216 kubelet_node_status.go:467] "Error getting the current node from lister" err="node \"roomfit-control-plane\" not found"
Oct 01 19:52:47 roomfit-control-plane kubelet[216]: E1001 19:52:47.174025     216 kubelet_node_status.go:467] "Error getting the current node from lister" err="node \"roomfit-control-plane\" not found"
Oct 01 19:52:47 roomfit-control-plane kubelet[216]: E1001 19:52:47.275096     216 kubelet_node_status.go:467] "Error getting the current node from lister" err="node \"roomfit-control-plane\" not found"
Oct 01 19:52:47 roomfit-control-plane kubelet[216]: E1001 19:52:47.375664     216 kubelet_node_status.go:467] "Error getting the current node from lister" err="node \"roomfit-control-plane\" not found"
Oct 01 19:52:47 roomfit-control-plane kubelet[216]: E1001 19:52:47.476423     216 kubelet_node_status.go:467] "Error getting the current node from lister" err="node \"roomfit-control-plane\" not found"
Oct 01 19:52:47 roomfit-control-plane kubelet[216]: E1001 19:52:47.577584     216 kubelet_node_status.go:467] "Error getting the current node from lister" err="node \"roomfit-control-plane\" not found"
Oct 01 19:52:47 roomfit-control-plane kubelet[216]: E1001 19:52:47.678289     216 kubelet_node_status.go:467] "Error getting the current node from lister" err="node \"roomfit-control-plane\" not found"
Oct 01 19:52:47 roomfit-control-plane kubelet[216]: E1001 19:52:47.711324     216 kubelet.go:3196] "No need to create a mirror pod, since failed to get node info from the cluster" err="node \"roomfit-control-plane\" not found" node="roomfit-control-plane"
Oct 01 19:52:47 roomfit-control-plane kubelet[216]: E1001 19:52:47.779279     216 kubelet_node_status.go:467] "Error getting the current node from lister" err="node \"roomfit-control-plane\" not found"
Oct 01 19:52:47 roomfit-control-plane kubelet[216]: E1001 19:52:47.880313     216 kubelet_node_status.go:467] "Error getting the current node from lister" err="node \"roomfit-control-plane\" not found"
Oct 01 19:52:47 roomfit-control-plane kubelet[216]: E1001 19:52:47.981460     216 kubelet_node_status.go:467] "Error getting the current node from lister" err="node \"roomfit-control-plane\" not found"
Oct 01 19:52:48 roomfit-control-plane kubelet[216]: E1001 19:52:48.082183     216 kubelet_node_status.go:467] "Error getting the current node from lister" err="node \"roomfit-control-plane\" not found"
Oct 01 19:52:48 roomfit-control-plane kubelet[216]: E1001 19:52:48.182968     216 kubelet_node_status.go:467] "Error getting the current node from lister" err="node \"roomfit-control-plane\" not found"
Oct 01 19:52:48 roomfit-control-plane kubelet[216]: E1001 19:52:48.283358     216 kubelet_node_status.go:467] "Error getting the current node from lister" err="node \"roomfit-control-plane\" not found"
Oct 01 19:52:48 roomfit-control-plane kubelet[216]: E1001 19:52:48.384517     216 kubelet_node_status.go:467] "Error getting the current node from lister" err="node \"roomfit-control-plane\" not found"
Oct 01 19:52:48 roomfit-control-plane kubelet[216]: E1001 19:52:48.484685     216 kubelet_node_status.go:467] "Error getting the current node from lister" err="node \"roomfit-control-plane\" not found"
Oct 01 19:52:48 roomfit-control-plane kubelet[216]: E1001 19:52:48.584930     216 kubelet_node_status.go:467] "Error getting the current node from lister" err="node \"roomfit-control-plane\" not found"
Oct 01 19:52:48 roomfit-control-plane kubelet[216]: E1001 19:52:48.685883     216 kubelet_node_status.go:467] "Error getting the current node from lister" err="node \"roomfit-control-plane\" not found"
Oct 01 19:52:48 roomfit-control-plane kubelet[216]: E1001 19:52:48.786828     216 kubelet_node_status.go:467] "Error getting the current node from lister" err="node \"roomfit-control-plane\" not found"
Oct 01 19:52:48 roomfit-control-plane kubelet[216]: E1001 19:52:48.888177     216 kubelet_node_status.go:467] "Error getting the current node from lister" err="node \"roomfit-control-plane\" not found"
Oct 01 19:52:48 roomfit-control-plane kubelet[216]: E1001 19:52:48.988527     216 kubelet_node_status.go:467] "Error getting the current node from lister" err="node \"roomfit-control-plane\" not found"
Oct 01 19:52:49 roomfit-control-plane kubelet[216]: E1001 19:52:49.089194     216 kubelet_node_status.go:467] "Error getting the current node from lister" err="node \"roomfit-control-plane\" not found"
Oct 01 19:52:49 roomfit-control-plane kubelet[216]: E1001 19:52:49.190391     216 kubelet_node_status.go:467] "Error getting the current node from lister" err="node \"roomfit-control-plane\" not found"
Oct 01 19:52:49 roomfit-control-plane kubelet[216]: E1001 19:52:49.291289     216 kubelet_node_status.go:467] "Error getting the current node from lister" err="node \"roomfit-control-plane\" not found"
Oct 01 19:52:49 roomfit-control-plane kubelet[216]: E1001 19:52:49.392414     216 kubelet_node_status.go:467] "Error getting the current node from lister" err="node \"roomfit-control-plane\" not found"
Oct 01 19:52:49 roomfit-control-plane kubelet[216]: E1001 19:52:49.492852     216 kubelet_node_status.go:467] "Error getting the current node from lister" err="node \"roomfit-control-plane\" not found"
Oct 01 19:52:49 roomfit-control-plane kubelet[216]: E1001 19:52:49.592989     216 kubelet_node_status.go:467] "Error getting the current node from lister" err="node \"roomfit-control-plane\" not found"
Oct 01 19:52:49 roomfit-control-plane kubelet[216]: E1001 19:52:49.694223     216 kubelet_node_status.go:467] "Error getting the current node from lister" err="node \"roomfit-control-plane\" not found"
Oct 01 19:52:49 roomfit-control-plane kubelet[216]: I1001 19:52:49.733186     216 kubelet.go:3200] "Creating a mirror pod for static pod" pod="kube-system/etcd-roomfit-control-plane"
Oct 01 19:52:49 roomfit-control-plane kubelet[216]: I1001 19:52:49.892260     216 apiserver.go:52] "Watching apiserver"
Oct 01 19:52:49 roomfit-control-plane kubelet[216]: I1001 19:52:49.933080     216 desired_state_of_world_populator.go:157] "Finished populating initial desired state of world"
Oct 01 19:52:50 roomfit-control-plane kubelet[216]: E1001 19:52:50.990711     216 event.go:359] "Server rejected event (will not retry!)" err="namespaces \"default\" not found" event="&Event{ObjectMeta:{roomfit-control-plane.18da7fc513a1b117  default    0 0001-01-01 00:00:00 +0000 UTC <nil> <nil> map[] map[] [] [] []},InvolvedObject:ObjectReference{Kind:Node,Namespace:,Name:roomfit-control-plane,UID:roomfit-control-plane,APIVersion:,ResourceVersion:,FieldPath:,},Reason:NodeHasNoDiskPressure,Message:Node roomfit-control-plane status is now: NodeHasNoDiskPressure,Source:EventSource{Component:kubelet,Host:roomfit-control-plane,},FirstTimestamp:2026-10-01 19:51:26.247842071 +0000 UTC m=+0.919522697,LastTimestamp:2026-10-01 19:51:26.247842071 +0000 UTC m=+0.919522697,Count:1,Type:Normal,EventTime:0001-01-01 00:00:00 +0000 UTC,Series:nil,Action:,Related:nil,ReportingController:kubelet,ReportingInstance:roomfit-control-plane,}"
Oct 01 19:52:53 roomfit-control-plane kubelet[216]: E1001 19:52:53.194857     216 event.go:359] "Server rejected event (will not retry!)" err="namespaces \"default\" not found" event="&Event{ObjectMeta:{roomfit-control-plane.18da7fc513a1b9b4  default    0 0001-01-01 00:00:00 +0000 UTC <nil> <nil> map[] map[] [] [] []},InvolvedObject:ObjectReference{Kind:Node,Namespace:,Name:roomfit-control-plane,UID:roomfit-control-plane,APIVersion:,ResourceVersion:,FieldPath:,},Reason:NodeHasSufficientPID,Message:Node roomfit-control-plane status is now: NodeHasSufficientPID,Source:EventSource{Component:kubelet,Host:roomfit-control-plane,},FirstTimestamp:2026-10-01 19:51:26.247844276 +0000 UTC m=+0.919524903,LastTimestamp:2026-10-01 19:51:26.247844276 +0000 UTC m=+0.919524903,Count:1,Type:Normal,EventTime:0001-01-01 00:00:00 +0000 UTC,Series:nil,Action:,Related:nil,ReportingController:kubelet,ReportingInstance:roomfit-control-plane,}"
Oct 01 19:52:53 roomfit-control-plane kubelet[216]: I1001 19:52:53.197348     216 kubelet.go:3200] "Creating a mirror pod for static pod" pod="kube-system/kube-apiserver-roomfit-control-plane"
Oct 01 19:52:53 roomfit-control-plane kubelet[216]: I1001 19:52:53.283493     216 kubelet.go:3200] "Creating a mirror pod for static pod" pod="kube-system/kube-scheduler-roomfit-control-plane"
Oct 01 19:52:57 roomfit-control-plane kubelet[216]: I1001 19:52:57.161603     216 kubelet.go:3200] "Creating a mirror pod for static pod" pod="kube-system/kube-controller-manager-roomfit-control-plane"
Oct 01 19:53:01 roomfit-control-plane kubelet[216]: I1001 19:53:01.379218     216 kubelet.go:3200] "Creating a mirror pod for static pod" pod="kube-system/kube-scheduler-roomfit-control-plane"
Oct 01 19:53:04 roomfit-control-plane kubelet[216]: E1001 19:53:04.170309     216 controller.go:145] "Failed to ensure lease exists, will retry" err="namespaces \"kube-node-lease\" not found" interval="200ms"
Oct 01 19:53:04 roomfit-control-plane kubelet[216]: E1001 19:53:04.171723     216 kubelet.go:3202] "Failed creating a mirror pod" err="pods \"kube-scheduler-roomfit-control-plane\" already exists" pod="kube-system/kube-scheduler-roomfit-control-plane"
Oct 01 19:53:06 roomfit-control-plane kubelet[216]: I1001 19:53:06.500377     216 pod_startup_latency_tracker.go:104] "Observed pod startup duration" pod="kube-system/etcd-roomfit-control-plane" podStartSLOduration=16.500223178 podStartE2EDuration="16.500223178s" podCreationTimestamp="2026-10-01 19:52:50 +0000 UTC" firstStartedPulling="0001-01-01 00:00:00 +0000 UTC" lastFinishedPulling="0001-01-01 00:00:00 +0000 UTC" observedRunningTime="2026-10-01 19:53:04.172475265 +0000 UTC m=+98.849667854" watchObservedRunningTime="2026-10-01 19:53:06.500223178 +0000 UTC m=+101.177415749"
Oct 01 19:53:06 roomfit-control-plane kubelet[216]: I1001 19:53:06.500591     216 pod_startup_latency_tracker.go:104] "Observed pod startup duration" pod="kube-system/kube-apiserver-roomfit-control-plane" podStartSLOduration=13.50058254 podStartE2EDuration="13.50058254s" podCreationTimestamp="2026-10-01 19:52:53 +0000 UTC" firstStartedPulling="0001-01-01 00:00:00 +0000 UTC" lastFinishedPulling="0001-01-01 00:00:00 +0000 UTC" observedRunningTime="2026-10-01 19:53:06.50012619 +0000 UTC m=+101.177318780" watchObservedRunningTime="2026-10-01 19:53:06.50058254 +0000 UTC m=+101.177775128"
Oct 01 19:53:06 roomfit-control-plane kubelet[216]: I1001 19:53:06.664113     216 pod_startup_latency_tracker.go:104] "Observed pod startup duration" pod="kube-system/kube-controller-manager-roomfit-control-plane" podStartSLOduration=9.664094935 podStartE2EDuration="9.664094935s" podCreationTimestamp="2026-10-01 19:52:57 +0000 UTC" firstStartedPulling="0001-01-01 00:00:00 +0000 UTC" lastFinishedPulling="0001-01-01 00:00:00 +0000 UTC" observedRunningTime="2026-10-01 19:53:06.663263791 +0000 UTC m=+101.340456375" watchObservedRunningTime="2026-10-01 19:53:06.664094935 +0000 UTC m=+101.341287517"
Oct 01 19:53:06 roomfit-control-plane kubelet[216]: I1001 19:53:06.694153     216 pod_startup_latency_tracker.go:104] "Observed pod startup duration" pod="kube-system/kube-scheduler-roomfit-control-plane" podStartSLOduration=13.694130634 podStartE2EDuration="13.694130634s" podCreationTimestamp="2026-10-01 19:52:53 +0000 UTC" firstStartedPulling="0001-01-01 00:00:00 +0000 UTC" lastFinishedPulling="0001-01-01 00:00:00 +0000 UTC" observedRunningTime="2026-10-01 19:53:06.694121467 +0000 UTC m=+101.371314051" watchObservedRunningTime="2026-10-01 19:53:06.694130634 +0000 UTC m=+101.371323224"
Oct 01 19:53:08 roomfit-control-plane systemd[1]: Reloading.
Oct 01 19:53:08 roomfit-control-plane systemd[1]: Stopping kubelet.service - kubelet: The Kubernetes Node Agent...
Oct 01 19:53:08 roomfit-control-plane kubelet[216]: I1001 19:53:08.995454     216 dynamic_cafile_content.go:175] "Shutting down controller" name="client-ca-bundle::/etc/kubernetes/pki/ca.crt"
Oct 01 19:53:09 roomfit-control-plane systemd[1]: kubelet.service: Deactivated successfully.
Oct 01 19:53:09 roomfit-control-plane systemd[1]: Stopped kubelet.service - kubelet: The Kubernetes Node Agent.
Oct 01 19:53:09 roomfit-control-plane systemd[1]: kubelet.service: Consumed 7.922s CPU time.
Oct 01 19:53:09 roomfit-control-plane systemd[1]: Starting kubelet.service - kubelet: The Kubernetes Node Agent...
Oct 01 19:53:09 roomfit-control-plane systemd[1]: Started kubelet.service - kubelet: The Kubernetes Node Agent.
Oct 01 19:53:09 roomfit-control-plane kubelet[859]: Flag --container-runtime-endpoint has been deprecated, This parameter should be set via the config file specified by the Kubelet's --config flag. See https://kubernetes.io/docs/tasks/administer-cluster/kubelet-config-file/ for more information.
Oct 01 19:53:09 roomfit-control-plane kubelet[859]: Flag --pod-infra-container-image has been deprecated, will be removed in 1.35. Image garbage collector will get sandbox image information from CRI.
Oct 01 19:53:09 roomfit-control-plane kubelet[859]: I1001 19:53:09.204139     859 server.go:215] "--pod-infra-container-image will not be pruned by the image garbage collector in kubelet and should also be set in the remote runtime"
Oct 01 19:53:09 roomfit-control-plane kubelet[859]: I1001 19:53:09.217094     859 server.go:520] "Kubelet version" kubeletVersion="v1.32.2"
Oct 01 19:53:09 roomfit-control-plane kubelet[859]: I1001 19:53:09.217160     859 server.go:522] "Golang settings" GOGC="" GOMAXPROCS="" GOTRACEBACK=""
Oct 01 19:53:09 roomfit-control-plane kubelet[859]: I1001 19:53:09.222474     859 server.go:954] "Client rotation is on, will bootstrap in background"
Oct 01 19:53:09 roomfit-control-plane kubelet[859]: I1001 19:53:09.223920     859 certificate_store.go:130] Loading cert/key pair from "/var/lib/kubelet/pki/kubelet-client-current.pem".
Oct 01 19:53:09 roomfit-control-plane kubelet[859]: I1001 19:53:09.227455     859 dynamic_cafile_content.go:161] "Starting controller" name="client-ca-bundle::/etc/kubernetes/pki/ca.crt"
Oct 01 19:53:09 roomfit-control-plane kubelet[859]: I1001 19:53:09.245199     859 server.go:1444] "Using cgroup driver setting received from the CRI runtime" cgroupDriver="systemd"
Oct 01 19:53:09 roomfit-control-plane kubelet[859]: I1001 19:53:09.257582     859 server.go:841] "NoSwap is set due to memorySwapBehavior not specified" memorySwapBehavior="" FailSwapOn=false
Oct 01 19:53:09 roomfit-control-plane kubelet[859]: I1001 19:53:09.257769     859 swap_util.go:115] "Swap is on" /proc/swaps contents=<
Oct 01 19:53:09 roomfit-control-plane kubelet[859]:         Filename                                Type                Size                Used                Priority
Oct 01 19:53:09 roomfit-control-plane kubelet[859]:         /dev/sdc                                partition        2097152                0                -2
Oct 01 19:53:09 roomfit-control-plane kubelet[859]:  >
Oct 01 19:53:09 roomfit-control-plane kubelet[859]: I1001 19:53:09.258206     859 container_manager_linux.go:268] "Container manager verified user specified cgroup-root exists" cgroupRoot=["kubelet"]
Oct 01 19:53:09 roomfit-control-plane kubelet[859]: I1001 19:53:09.258240     859 container_manager_linux.go:273] "Creating Container Manager object based on Node Config" nodeConfig={"NodeName":"roomfit-control-plane","RuntimeCgroupsName":"/system.slice/containerd.service","SystemCgroupsName":"","KubeletCgroupsName":"","KubeletOOMScoreAdj":-999,"ContainerRuntime":"","CgroupsPerQOS":true,"CgroupRoot":"/kubelet","CgroupDriver":"systemd","KubeletRootDir":"/var/lib/kubelet","ProtectKernelDefaults":false,"KubeReservedCgroupName":"","SystemReservedCgroupName":"","ReservedSystemCPUs":{},"EnforceNodeAllocatable":{"pods":{}},"KubeReserved":null,"SystemReserved":null,"HardEvictionThresholds":[],"QOSReserved":{},"CPUManagerPolicy":"none","CPUManagerPolicyOptions":null,"TopologyManagerScope":"container","CPUManagerReconcilePeriod":10000000000,"ExperimentalMemoryManagerPolicy":"None","ExperimentalMemoryManagerReservedMemory":null,"PodPidsLimit":-1,"EnforceCPULimits":true,"CPUCFSQuotaPeriod":100000000,"TopologyManagerPolicy":"none","TopologyManagerPolicyOptions":null,"CgroupVersion":2}
Oct 01 19:53:09 roomfit-control-plane kubelet[859]: I1001 19:53:09.258446     859 topology_manager.go:138] "Creating topology manager with none policy"
Oct 01 19:53:09 roomfit-control-plane kubelet[859]: I1001 19:53:09.258457     859 container_manager_linux.go:304] "Creating device plugin manager"
Oct 01 19:53:09 roomfit-control-plane kubelet[859]: I1001 19:53:09.258519     859 state_mem.go:36] "Initialized new in-memory state store"
Oct 01 19:53:09 roomfit-control-plane kubelet[859]: I1001 19:53:09.258744     859 kubelet.go:446] "Attempting to sync node with API server"
Oct 01 19:53:09 roomfit-control-plane kubelet[859]: I1001 19:53:09.258780     859 kubelet.go:341] "Adding static pod path" path="/etc/kubernetes/manifests"
Oct 01 19:53:09 roomfit-control-plane kubelet[859]: I1001 19:53:09.258802     859 kubelet.go:352] "Adding apiserver pod source"
Oct 01 19:53:09 roomfit-control-plane kubelet[859]: I1001 19:53:09.258812     859 apiserver.go:42] "Waiting for node sync before watching apiserver pods"
Oct 01 19:53:09 roomfit-control-plane kubelet[859]: I1001 19:53:09.260745     859 kuberuntime_manager.go:269] "Container runtime initialized" containerRuntime="containerd" version="v2.0.2" apiVersion="v1"
Oct 01 19:53:09 roomfit-control-plane kubelet[859]: I1001 19:53:09.264974     859 kubelet.go:890] "Not starting ClusterTrustBundle informer because we are in static kubelet mode"
Oct 01 19:53:09 roomfit-control-plane kubelet[859]: I1001 19:53:09.266898     859 watchdog_linux.go:99] "Systemd watchdog is not enabled"
Oct 01 19:53:09 roomfit-control-plane kubelet[859]: I1001 19:53:09.266968     859 server.go:1287] "Started kubelet"
Oct 01 19:53:09 roomfit-control-plane kubelet[859]: I1001 19:53:09.267739     859 server.go:169] "Starting to listen" address="0.0.0.0" port=10250
Oct 01 19:53:09 roomfit-control-plane kubelet[859]: I1001 19:53:09.268315     859 ratelimit.go:55] "Setting rate limiting for endpoint" service="podresources" qps=100 burstTokens=10
Oct 01 19:53:09 roomfit-control-plane kubelet[859]: I1001 19:53:09.269492     859 server.go:243] "Starting to serve the podresources API" endpoint="unix:/var/lib/kubelet/pod-resources/kubelet.sock"
Oct 01 19:53:09 roomfit-control-plane kubelet[859]: I1001 19:53:09.282869     859 fs_resource_analyzer.go:67] "Starting FS ResourceAnalyzer"
Oct 01 19:53:09 roomfit-control-plane kubelet[859]: I1001 19:53:09.283340     859 dynamic_serving_content.go:135] "Starting controller" name="kubelet-server-cert-files::/var/lib/kubelet/pki/kubelet.crt::/var/lib/kubelet/pki/kubelet.key"
Oct 01 19:53:09 roomfit-control-plane kubelet[859]: I1001 19:53:09.284807     859 volume_manager.go:297] "Starting Kubelet Volume Manager"
Oct 01 19:53:09 roomfit-control-plane kubelet[859]: I1001 19:53:09.284913     859 desired_state_of_world_populator.go:149] "Desired state populator starts to run"
Oct 01 19:53:09 roomfit-control-plane kubelet[859]: I1001 19:53:09.285234     859 reconciler.go:26] "Reconciler: start to sync state"
Oct 01 19:53:09 roomfit-control-plane kubelet[859]: I1001 19:53:09.285992     859 server.go:479] "Adding debug handlers to kubelet server"
Oct 01 19:53:09 roomfit-control-plane kubelet[859]: I1001 19:53:09.289709     859 factory.go:221] Registration of the systemd container factory successfully
Oct 01 19:53:09 roomfit-control-plane kubelet[859]: I1001 19:53:09.289946     859 factory.go:219] Registration of the crio container factory failed: Get "http://%2Fvar%2Frun%2Fcrio%2Fcrio.sock/info": dial unix /var/run/crio/crio.sock: connect: no such file or directory
Oct 01 19:53:09 roomfit-control-plane kubelet[859]: I1001 19:53:09.300923     859 factory.go:221] Registration of the containerd container factory successfully
Oct 01 19:53:09 roomfit-control-plane kubelet[859]: I1001 19:53:09.314635     859 kubelet_network_linux.go:50] "Initialized iptables rules." protocol="IPv4"
Oct 01 19:53:09 roomfit-control-plane kubelet[859]: I1001 19:53:09.316286     859 kubelet_network_linux.go:50] "Initialized iptables rules." protocol="IPv6"
Oct 01 19:53:09 roomfit-control-plane kubelet[859]: I1001 19:53:09.316334     859 status_manager.go:227] "Starting to sync pod status with apiserver"
Oct 01 19:53:09 roomfit-control-plane kubelet[859]: I1001 19:53:09.316353     859 watchdog_linux.go:127] "Systemd watchdog is not enabled or the interval is invalid, so health checking will not be started."
Oct 01 19:53:09 roomfit-control-plane kubelet[859]: I1001 19:53:09.316362     859 kubelet.go:2388] "Starting kubelet main sync loop"
Oct 01 19:53:09 roomfit-control-plane kubelet[859]: E1001 19:53:09.316409     859 kubelet.go:2412] "Skipping pod synchronization" err="[container runtime status check may not have completed yet, PLEG is not healthy: pleg has yet to be successful]"
Oct 01 19:53:09 roomfit-control-plane kubelet[859]: I1001 19:53:09.348671     859 cpu_manager.go:221] "Starting CPU manager" policy="none"
Oct 01 19:53:09 roomfit-control-plane kubelet[859]: I1001 19:53:09.348780     859 cpu_manager.go:222] "Reconciling" reconcilePeriod="10s"
Oct 01 19:53:09 roomfit-control-plane kubelet[859]: I1001 19:53:09.348812     859 state_mem.go:36] "Initialized new in-memory state store"
Oct 01 19:53:09 roomfit-control-plane kubelet[859]: I1001 19:53:09.349073     859 state_mem.go:88] "Updated default CPUSet" cpuSet=""
Oct 01 19:53:09 roomfit-control-plane kubelet[859]: I1001 19:53:09.349184     859 state_mem.go:96] "Updated CPUSet assignments" assignments={}
Oct 01 19:53:09 roomfit-control-plane kubelet[859]: I1001 19:53:09.349218     859 policy_none.go:49] "None policy: Start"
Oct 01 19:53:09 roomfit-control-plane kubelet[859]: I1001 19:53:09.349232     859 memory_manager.go:186] "Starting memorymanager" policy="None"
Oct 01 19:53:09 roomfit-control-plane kubelet[859]: I1001 19:53:09.349249     859 state_mem.go:35] "Initializing new in-memory state store"
Oct 01 19:53:09 roomfit-control-plane kubelet[859]: I1001 19:53:09.349531     859 state_mem.go:75] "Updated machine memory state"
Oct 01 19:53:09 roomfit-control-plane kubelet[859]: I1001 19:53:09.368852     859 manager.go:519] "Failed to read data from checkpoint" checkpoint="kubelet_internal_checkpoint" err="checkpoint is not found"
Oct 01 19:53:09 roomfit-control-plane kubelet[859]: I1001 19:53:09.369040     859 eviction_manager.go:189] "Eviction manager: starting control loop"
Oct 01 19:53:09 roomfit-control-plane kubelet[859]: I1001 19:53:09.369069     859 container_log_manager.go:189] "Initializing container log rotate workers" workers=1 monitorPeriod="10s"
Oct 01 19:53:09 roomfit-control-plane kubelet[859]: I1001 19:53:09.369354     859 plugin_manager.go:118] "Starting Kubelet Plugin Manager"
Oct 01 19:53:09 roomfit-control-plane kubelet[859]: E1001 19:53:09.370275     859 eviction_manager.go:267] "eviction manager: failed to check if we have separate container filesystem. Ignoring." err="no imagefs label for configured runtime"
Oct 01 19:53:09 roomfit-control-plane kubelet[859]: I1001 19:53:09.448938     859 kubelet.go:3200] "Creating a mirror pod for static pod" pod="kube-system/etcd-roomfit-control-plane"
Oct 01 19:53:09 roomfit-control-plane kubelet[859]: I1001 19:53:09.449062     859 kubelet.go:3200] "Creating a mirror pod for static pod" pod="kube-system/kube-apiserver-roomfit-control-plane"
Oct 01 19:53:09 roomfit-control-plane kubelet[859]: I1001 19:53:09.448966     859 kubelet.go:3200] "Creating a mirror pod for static pod" pod="kube-system/kube-scheduler-roomfit-control-plane"
Oct 01 19:53:09 roomfit-control-plane kubelet[859]: I1001 19:53:09.449433     859 kubelet.go:3200] "Creating a mirror pod for static pod" pod="kube-system/kube-controller-manager-roomfit-control-plane"
Oct 01 19:53:09 roomfit-control-plane kubelet[859]: I1001 19:53:09.472571     859 kubelet_node_status.go:76] "Attempting to register node" node="roomfit-control-plane"
Oct 01 19:53:09 roomfit-control-plane kubelet[859]: I1001 19:53:09.486315     859 reconciler_common.go:251] "operationExecutor.VerifyControllerAttachedVolume started for volume \"etcd-certs\" (UniqueName: \"kubernetes.io/host-path/d11d2b98fb1df4566bc9af923be1e7e8-etcd-certs\") pod \"etcd-roomfit-control-plane\" (UID: \"d11d2b98fb1df4566bc9af923be1e7e8\") " pod="kube-system/etcd-roomfit-control-plane"
Oct 01 19:53:09 roomfit-control-plane kubelet[859]: I1001 19:53:09.486356     859 reconciler_common.go:251] "operationExecutor.VerifyControllerAttachedVolume started for volume \"etcd-data\" (UniqueName: \"kubernetes.io/host-path/d11d2b98fb1df4566bc9af923be1e7e8-etcd-data\") pod \"etcd-roomfit-control-plane\" (UID: \"d11d2b98fb1df4566bc9af923be1e7e8\") " pod="kube-system/etcd-roomfit-control-plane"
Oct 01 19:53:09 roomfit-control-plane kubelet[859]: E1001 19:53:09.514881     859 kubelet.go:3202] "Failed creating a mirror pod" err="pods \"etcd-roomfit-control-plane\" already exists" pod="kube-system/etcd-roomfit-control-plane"
Oct 01 19:53:09 roomfit-control-plane kubelet[859]: E1001 19:53:09.514962     859 kubelet.go:3202] "Failed creating a mirror pod" err="pods \"kube-scheduler-roomfit-control-plane\" already exists" pod="kube-system/kube-scheduler-roomfit-control-plane"
Oct 01 19:53:09 roomfit-control-plane kubelet[859]: E1001 19:53:09.515073     859 kubelet.go:3202] "Failed creating a mirror pod" err="pods \"kube-controller-manager-roomfit-control-plane\" already exists" pod="kube-system/kube-controller-manager-roomfit-control-plane"
Oct 01 19:53:09 roomfit-control-plane kubelet[859]: E1001 19:53:09.515104     859 kubelet.go:3202] "Failed creating a mirror pod" err="pods \"kube-apiserver-roomfit-control-plane\" already exists" pod="kube-system/kube-apiserver-roomfit-control-plane"
Oct 01 19:53:09 roomfit-control-plane kubelet[859]: I1001 19:53:09.540107     859 kubelet_node_status.go:125] "Node was previously registered" node="roomfit-control-plane"
Oct 01 19:53:09 roomfit-control-plane kubelet[859]: I1001 19:53:09.544225     859 kubelet_node_status.go:79] "Successfully registered node" node="roomfit-control-plane"
Oct 01 19:53:09 roomfit-control-plane kubelet[859]: I1001 19:53:09.586972     859 reconciler_common.go:251] "operationExecutor.VerifyControllerAttachedVolume started for volume \"ca-certs\" (UniqueName: \"kubernetes.io/host-path/5644763134ce1777220e0dd4a4f3670d-ca-certs\") pod \"kube-controller-manager-roomfit-control-plane\" (UID: \"5644763134ce1777220e0dd4a4f3670d\") " pod="kube-system/kube-controller-manager-roomfit-control-plane"
Oct 01 19:53:09 roomfit-control-plane kubelet[859]: I1001 19:53:09.587104     859 reconciler_common.go:251] "operationExecutor.VerifyControllerAttachedVolume started for volume \"kubeconfig\" (UniqueName: \"kubernetes.io/host-path/499e49343b9060d2e7af25edb859cc78-kubeconfig\") pod \"kube-scheduler-roomfit-control-plane\" (UID: \"499e49343b9060d2e7af25edb859cc78\") " pod="kube-system/kube-scheduler-roomfit-control-plane"
Oct 01 19:53:09 roomfit-control-plane kubelet[859]: I1001 19:53:09.587235     859 reconciler_common.go:251] "operationExecutor.VerifyControllerAttachedVolume started for volume \"etc-ca-certificates\" (UniqueName: \"kubernetes.io/host-path/549370dc86dacc9f99a5af739ce5cc35-etc-ca-certificates\") pod \"kube-apiserver-roomfit-control-plane\" (UID: \"549370dc86dacc9f99a5af739ce5cc35\") " pod="kube-system/kube-apiserver-roomfit-control-plane"
Oct 01 19:53:09 roomfit-control-plane kubelet[859]: I1001 19:53:09.587259     859 reconciler_common.go:251] "operationExecutor.VerifyControllerAttachedVolume started for volume \"k8s-certs\" (UniqueName: \"kubernetes.io/host-path/549370dc86dacc9f99a5af739ce5cc35-k8s-certs\") pod \"kube-apiserver-roomfit-control-plane\" (UID: \"549370dc86dacc9f99a5af739ce5cc35\") " pod="kube-system/kube-apiserver-roomfit-control-plane"
Oct 01 19:53:09 roomfit-control-plane kubelet[859]: I1001 19:53:09.587281     859 reconciler_common.go:251] "operationExecutor.VerifyControllerAttachedVolume started for volume \"usr-local-share-ca-certificates\" (UniqueName: \"kubernetes.io/host-path/549370dc86dacc9f99a5af739ce5cc35-usr-local-share-ca-certificates\") pod \"kube-apiserver-roomfit-control-plane\" (UID: \"549370dc86dacc9f99a5af739ce5cc35\") " pod="kube-system/kube-apiserver-roomfit-control-plane"
Oct 01 19:53:09 roomfit-control-plane kubelet[859]: I1001 19:53:09.587299     859 reconciler_common.go:251] "operationExecutor.VerifyControllerAttachedVolume started for volume \"ca-certs\" (UniqueName: \"kubernetes.io/host-path/549370dc86dacc9f99a5af739ce5cc35-ca-certs\") pod \"kube-apiserver-roomfit-control-plane\" (UID: \"549370dc86dacc9f99a5af739ce5cc35\") " pod="kube-system/kube-apiserver-roomfit-control-plane"
Oct 01 19:53:09 roomfit-control-plane kubelet[859]: I1001 19:53:09.587317     859 reconciler_common.go:251] "operationExecutor.VerifyControllerAttachedVolume started for volume \"kubeconfig\" (UniqueName: \"kubernetes.io/host-path/5644763134ce1777220e0dd4a4f3670d-kubeconfig\") pod \"kube-controller-manager-roomfit-control-plane\" (UID: \"5644763134ce1777220e0dd4a4f3670d\") " pod="kube-system/kube-controller-manager-roomfit-control-plane"
Oct 01 19:53:09 roomfit-control-plane kubelet[859]: I1001 19:53:09.587333     859 reconciler_common.go:251] "operationExecutor.VerifyControllerAttachedVolume started for volume \"usr-local-share-ca-certificates\" (UniqueName: \"kubernetes.io/host-path/5644763134ce1777220e0dd4a4f3670d-usr-local-share-ca-certificates\") pod \"kube-controller-manager-roomfit-control-plane\" (UID: \"5644763134ce1777220e0dd4a4f3670d\") " pod="kube-system/kube-controller-manager-roomfit-control-plane"
Oct 01 19:53:09 roomfit-control-plane kubelet[859]: I1001 19:53:09.588030     859 reconciler_common.go:251] "operationExecutor.VerifyControllerAttachedVolume started for volume \"usr-share-ca-certificates\" (UniqueName: \"kubernetes.io/host-path/5644763134ce1777220e0dd4a4f3670d-usr-share-ca-certificates\") pod \"kube-controller-manager-roomfit-control-plane\" (UID: \"5644763134ce1777220e0dd4a4f3670d\") " pod="kube-system/kube-controller-manager-roomfit-control-plane"
Oct 01 19:53:09 roomfit-control-plane kubelet[859]: I1001 19:53:09.588060     859 reconciler_common.go:251] "operationExecutor.VerifyControllerAttachedVolume started for volume \"usr-share-ca-certificates\" (UniqueName: \"kubernetes.io/host-path/549370dc86dacc9f99a5af739ce5cc35-usr-share-ca-certificates\") pod \"kube-apiserver-roomfit-control-plane\" (UID: \"549370dc86dacc9f99a5af739ce5cc35\") " pod="kube-system/kube-apiserver-roomfit-control-plane"
Oct 01 19:53:09 roomfit-control-plane kubelet[859]: I1001 19:53:09.588088     859 reconciler_common.go:251] "operationExecutor.VerifyControllerAttachedVolume started for volume \"etc-ca-certificates\" (UniqueName: \"kubernetes.io/host-path/5644763134ce1777220e0dd4a4f3670d-etc-ca-certificates\") pod \"kube-controller-manager-roomfit-control-plane\" (UID: \"5644763134ce1777220e0dd4a4f3670d\") " pod="kube-system/kube-controller-manager-roomfit-control-plane"
Oct 01 19:53:09 roomfit-control-plane kubelet[859]: I1001 19:53:09.588297     859 reconciler_common.go:251] "operationExecutor.VerifyControllerAttachedVolume started for volume \"flexvolume-dir\" (UniqueName: \"kubernetes.io/host-path/5644763134ce1777220e0dd4a4f3670d-flexvolume-dir\") pod \"kube-controller-manager-roomfit-control-plane\" (UID: \"5644763134ce1777220e0dd4a4f3670d\") " pod="kube-system/kube-controller-manager-roomfit-control-plane"
Oct 01 19:53:09 roomfit-control-plane kubelet[859]: I1001 19:53:09.588370     859 reconciler_common.go:251] "operationExecutor.VerifyControllerAttachedVolume started for volume \"k8s-certs\" (UniqueName: \"kubernetes.io/host-path/5644763134ce1777220e0dd4a4f3670d-k8s-certs\") pod \"kube-controller-manager-roomfit-control-plane\" (UID: \"5644763134ce1777220e0dd4a4f3670d\") " pod="kube-system/kube-controller-manager-roomfit-control-plane"
Oct 01 19:53:10 roomfit-control-plane kubelet[859]: I1001 19:53:10.259529     859 apiserver.go:52] "Watching apiserver"
Oct 01 19:53:10 roomfit-control-plane kubelet[859]: I1001 19:53:10.286086     859 desired_state_of_world_populator.go:157] "Finished populating initial desired state of world"
Oct 01 19:53:10 roomfit-control-plane kubelet[859]: I1001 19:53:10.332702     859 kubelet.go:3200] "Creating a mirror pod for static pod" pod="kube-system/etcd-roomfit-control-plane"
Oct 01 19:53:10 roomfit-control-plane kubelet[859]: I1001 19:53:10.333058     859 kubelet.go:3200] "Creating a mirror pod for static pod" pod="kube-system/kube-apiserver-roomfit-control-plane"
Oct 01 19:53:10 roomfit-control-plane kubelet[859]: E1001 19:53:10.352660     859 kubelet.go:3202] "Failed creating a mirror pod" err="pods \"kube-apiserver-roomfit-control-plane\" already exists" pod="kube-system/kube-apiserver-roomfit-control-plane"
Oct 01 19:53:10 roomfit-control-plane kubelet[859]: E1001 19:53:10.352980     859 kubelet.go:3202] "Failed creating a mirror pod" err="pods \"etcd-roomfit-control-plane\" already exists" pod="kube-system/etcd-roomfit-control-plane"
Oct 01 19:53:10 roomfit-control-plane systemd[1]: var-lib-containerd-tmpmounts-containerd\x2dmount3217912893.mount: Deactivated successfully.
Oct 01 19:53:11 roomfit-control-plane containerd[105]: time="2026-10-01T19:53:11.752545201Z" level=info msg="No images store for sha256:28c789b91196f0b2e1393575e787afefbb3cfc86e02f7662c16ed7962887ae1b"
Oct 01 19:53:11 roomfit-control-plane containerd[105]: time="2026-10-01T19:53:11.765114614Z" level=info msg="ImageCreate event name:\"docker.io/library/roomfit-api:v1\""
Oct 01 19:53:11 roomfit-control-plane containerd[105]: time="2026-10-01T19:53:11.815293242Z" level=info msg="ImageCreate event name:\"sha256:822a797d0a4f1c548302a6e079fd750e77b2e882972b65ef21e7131c2672cec7\" labels:{key:\"io.cri-containerd.image\" value:\"managed\"}"
Oct 01 19:53:11 roomfit-control-plane containerd[105]: time="2026-10-01T19:53:11.816077702Z" level=info msg="ImageUpdate event name:\"docker.io/library/roomfit-api:v1\" labels:{key:\"io.cri-containerd.image\" value:\"managed\"}"
